teryt_simc_code,prg_street_name,osm_street_name
,1-go Maja,1 Maja
,1. Dywizji Pancernej,1 Dywizji Pancernej
,11 Listopada 1918 r.,11 Listopada 1918 roku
,11 stycznia 1919 r.,11 stycznia 1919 roku
,11-go Listopada,11 Listopada
,14 Dywizji Piechoty Wlkp.,14 Dywizji Piechoty Wielkopolskiej
,14 Lutego 1942 r.,14 Lutego 1942 roku
,16 Pułku Ułanów Wlkp.,16 Pułku Ułanów Wielkopolskich
,20 Stycznia 1920 r.,20 Stycznia 1920 roku
,21-go Stycznia,21 Stycznia
,22 Stycznia 1863 r.,22 Stycznia 1863 roku
,27 Grudnia 1918 r.,27 Grudnia 1918 roku
,27-go Stycznia,27 Stycznia
,28 Czerwca 1956 r.,28 Czerwca 1956 roku
,3 Maja 1791 r.,3 Maja 1791 roku
,3-go Maja,3 Maja
,3. Pułku Lotniczego,3 Pułku Lotniczego
,4 Stycznia 1919 r.,4 Stycznia 1919 roku
,5. Pułku Ułanów,5 Pułku Ułanów
,55.Pułku Piechoty,55 Pułku Piechoty
,56 Pułku Piechoty Wlkp.,56 Pułku Piechoty Wielkopolskiej
,6 Marca 1938 r.,6 Marca 1938 roku
,6 stycznia 1919 r.,6 stycznia 1919 roku
,61. Brygady,61 Brygady
,62 Pułku Piechoty Wlkp.,62 Pułku Piechoty Wielkopolskiej
,63. Pułku Piechoty,63 Pułku Piechoty
,7 czerwca 1991 r.,7 czerwca 1991 roku
,74-go Górnośląskiego Pułku Piechoty,74 Górnośląskiego Pułku Piechoty
,8 Maja 1945 r.,8 Maja 1945 roku
,8 Maja 1945r.,8 Maja 1945 roku
,9-go Maja,9 Maja
,A. Abrahama,Antoniego Abrahama
,A. Asnyka,Adama Asnyka
,A. Bożka,Arki Bożka
,A. Dygasińskiego,Adolfa Dygasińskiego
,A. F. Modrzewskiego,Andrzeja Frycza Modrzewskiego
,A. Filemonowicza,Adama Filemonowicza
,A. Fredry,Aleksandra Fredry
,A. G. Bema,Antoniego Gustawa Bema
,A. Grottgera,Artura Grottgera
,A. Hoffmana,Alfonsa Hoffmana
,A. Hryniewickiego,Antoniego Hryniewickiego
,A. K. Czartoryskiego,Adama Kazimierza Czartoryskiego
,A. Lewandowica Strzeżowczyka,Adama Lewandowica Strzeżowczyka
,A. Majkowskiego,Aleksandra Majkowskiego
,A. Mickiewicza,Adama Mickiewicza
,A. Morsztyna,Andrzeja Morsztyna
,A. Osieckiej,Agnieszki Osieckiej
,A. Renarda,Andrzeja Renarda
,A. Rudawskiego,Adama Rudawskiego
,A. Słonimskiego,Antoniego Słonimskiego
,A. Zawadzkiego,Aleksandra Zawadzkiego
,A.Majkowskiego,Aleksandra Majkowskiego
,abp. Antoniego Juliana Nowowiejskiego,Arcybiskupa Antoniego Juliana Nowowiejskiego
,abp. gen. Mirona Chodakowskiego,Arcybiskupa Generała Mirona Chodakowskiego
,Abp. Ignacego Krasickiego,Arcybiskupa Ignacego Krasickiego
,abp. Jakuba Świnki,Arcybiskupa Jakuba Świnki
,Abp. Jerzego Ablewicza,Arcybiskupa Jerzego Ablewicza
,abp. Józefa Teodorowicza,Arcybiskupa Józefa Teodorowicza
,abp. Romualda Jałbrzykowskiego,Arcybiskupa Romualda Jałbrzykowskiego
,abp. Zygmunta Felińskiego,Arcybiskupa Zygmunta Felińskiego
,adm. Andrzeja Karwety,Admirała Andrzeja Karwety
,adm. J. Unruga,Admirała Józefa Unruga
,adm. Józefa Unruga,Admirała Józefa Unruga
,adm. K. Arciszewskiego,Admirała Krzysztofa Arciszewskiego
,adm. Krzysztofa Arciszewskiego,Admirała Krzysztofa Arciszewskiego
,Al. 1 Maja,Aleja 1 Maja
,Al. 1000-lecia Państwa Polskiego,Aleja Tysiąclecia Państwa Polskiego
,Al. 11 Listopada,Aleja 11 Listopada
,al. Armii Krajowej,Aleja Armii Krajowej
,Al. Belwender,Aleja Belwender
,AL. Bukowa,Aleja Bukowa
,Al. Gen. Sikorskiego,Aleja Generała Władysława Sikorskiego
,Al. generała Władysława Sikorskiego,Aleja Generała Władysława Sikorskiego
,Al. Grunwaldzkie,Aleje Grunwaldzkie
,Al. Heleny i Ignacego Paderewskich,Aleja Heleny i Ignacego Paderewskich
,Al. Huberta,Aleja Huberta
,Al. Jana Nowaka-Jeziorańskiego,Aleja Jana Nowaka-Jeziorańskiego
,Al. Jana Pawła II,Aleja Jana Pawła II
,Al. kard. Wyszyńskiego,Aleja Kardynała Stefana Wyszyńskiego
,Al. Kasztanowa,Aleja Kasztanowa
,Al. Krakowska,Aleja Krakowska
,Al. Lipowa,Aleja Lipowa
,Al. Macieja Rataja,Aleja Macieja Rataja
,al. Marszałka Józefa Piłsudskiego,Aleja Marszałka Józefa Piłsudskiego
,Al. Matki Boskiej Różańcowej,Aleja Matki Boskiej Różańcowej
,Al. Mikołaja Kopernika,Aleja Mikołaja Kopernika
,Al. Partyzantów,Aleja Partyzantów
,Al. Róż,Aleja Róż
,Al. Solidarności,Aleja Solidarności
,Al. Spacerowa,Aleja Spacerowa
,Al. Sportowa,Aleja Sportowa
,Al. Słońca,Aleja Słońca
,Al. Wincentego Witosa,Aleja Wincentego Witosa
,Al. Wojska Polskiego,Aleja Wojska Polskiego
,al. Władysława Andersa,Aleja Władysława Andersa
,Al. Władysława Sikorskiego,Aleja Władysława Sikorskiego
,Al. Zwycięstwa,Aleja Zwycięstwa
,Al. Zwycięzców,Aleja Zwycięzców
,Aleja gen. Bronisława Prugara-Ketlinga,Aleja Generała Bronisława Prugara-Ketlinga
,Aleja gen. Grota Roweckiego,Aleja Generała Grota Roweckiego
,Aleja gen. Józefa Hallera,Aleja Generała Józefa Hallera
,Aleja gen. Ryszarda Kuklińskiego,Aleja Generała Ryszarda Kuklińskiego
,Aleja gen. Władysława Andersa,Aleja Generała Władysława Andersa
,Aleja gen. Władysława Sikorskiego,Aleja Generała Władysława Sikorskiego
,aleja Ignacego Paderewskiego,Aleja Ignacego Paderewskiego
,Aleja im. pułkownika Wojciecha Szczepańskiego,Aleja Pułkownika Wojciecha Szczepańskiego
,Aleja inż. Bohdana Łozińskiego,Aleja Inżyniera Bohdana Łozińskiego
,Aleja inż. Nowotarskiego,Aleja Inżyniera Leona Nowotarskiego
,aleja Jana Pawła II,Aleja Jana Pawła II
,Aleja ks. Druckiego-Lubeckiego,Aleja Księcia Władysława Druckiego-Lubeckiego
,Aleja ks. Franciszka Blachnickiego,Aleja Księdza Franciszka Blachnickiego
,Aleja ks. Jana Twardowskiego,Aleja Księdza Jana Twardowskiego
,Aleja Ks. Jerzego Popiełuszki,Aleja Księdza Jerzego Popiełuszki
,Aleja ks. Józefa Waląga,Aleja Księdza Józefa Waląga
,Aleja Ks. Kardynała Stefana Wyszyńskiego,Aleja Księdza Kardynała Stefana Wyszyńskiego
,Aleja ks. Konrada Pyrki,Aleja Księdza Konrada Pyrki
,Aleja ks. Myszkowskiego,Aleja Księdza Kazimierza Myszkowskiego
,aleja marsz. Józefa Piłsudskiego,Aleja Marszałka Józefa Piłsudskiego
0940335,aleja marsz. Józefa Piłsudskiego,Aleja marszałka Józefa Piłsudskiego
,Aleja Marszałka J. Piłsudskiego,Aleja Marszałka Józefa Piłsudskiego
,Aleja Marszałka Piłsudskiego,Aleja Marszałka Józefa Piłsudskiego
,aleja Niepodległości,Aleja Niepodległości
,Aleja Piłsudskiego,Aleja Marszałka Józefa Piłsudskiego
,Aleja Powstańców Wlkp.,Aleja Powstańców Wielkopolskich
,Aleja prof. Leona Mroczkiewicza,Aleja Profesora Leona Mroczkiewicza
,aleja Tysiąclecia,Aleja Tysiąclecia
,Aleja św. Jakuba,Aleja Świętego Jakuba
,Aleja św. Jana Pawła II,Aleja Świętego Jana Pawła II
,Aleja św. Katarzyny Aleksandryjskiej,Aleja Świętej Katarzyny Aleksandryjskiej
,Aleja św. Mikołaja,Aleja Świętego Mikołaja
,Aleje Prof. Sylwestra Kaliskiego,Aleje Profesora Sylwestra Kaliskiego
,Alfonsa T. Olszaka,Alfonsa Tadeusza Olszaka
,Andersena,Jana Christiana Andersena
,Andrzeja Frycza Modrzewskiego,Frycza Modrzewskiego
,Asnyka,Adama Asnyka
,B. Chrobrego,Bolesława Chrobrego
,B. Czecha,Bronisława Czecha
,B. Głowackiego,Bartosza Głowackiego
,B. i E. Hutten-Czapskich,Bogdana i Eleonory Hutten-Czapskich
,B. i J. Moraczewskich,Bibianny i Jędrzeja Moraczewskich
,B. Krzywoustego,Bolesława Krzywoustego
,B. Leśmiana,Bolesława Leśmiana
,B. Limanowskiego,Bolesława Limanowskiego
,B. Prusa,Bolesława Prusa
,B. Wolniewicz,Barbary Wolniewicz
,Baczyńskiego,Krzysztofa Kamila Baczyńskiego
,Barcioka,Jana Barcioka
,Barlickiego,Norberta Barlickiego
,Bema,Józefa Bema
,Bernarda Ludwika Hantkego,Bernarda Hantkego
,Bieli,Teofila Bieli
,Bieni,Leona Bieni
,Biskupa L. Wetmańskiego,Biskupa Leona Wetmańskiego
,Biskupa Pluty,Wilhelma Pluty
,Bitwy Warszawskiej 1920 r.,Bitwy Warszawskiej 1920 roku
,Bitwy Warszawskiej 1920r.,Bitwy Warszawskiej 1920 roku
,Blaise Pascala,Blaise'a Pascala
,Boguckiego,Teofila Boguckiego
,Boh. Monte Cassino,Bohaterów Monte Cassino
,Boh. Powstania Listopadowego,Bohaterów Powstania Listopadowego
,Boh. Powstania Styczniowego,Bohaterów Powstania Styczniowego
,Boh. Warszawy,Bohaterów Warszawy
,Boh. Westerplatte,Bohaterów Westerplatte
,Bohaterów 1939 r.,Bohaterów 1939 roku
,Bohaterów Czerwca 1956 r.,Bohaterów Czerwca 1956 roku
,Bohaterów Radzymina 1920 r.,Bohaterów Radzymina 1920 roku
,Bohaterów Września 1939 r.,Bohaterów Września 1939 roku
,Boj. o Wolność i Demokrację,Bojowników o Wolność i Demokrację
,Boya Żeleńskiego,Tadeusza Boya-Żeleńskiego
,Bończyka,Księdza Norberta Bończyka
,bp. A. Szelążka,Biskupa Adolfa Szelążka
,bp. Adama Stanisława Grabowskiego,Biskupa Adama Stanisława Grabowskiego
,bp. Adama Śmigielskiego,Biskupa Adama Śmigielskiego
,bp. Antoniego Laubitza,Biskupa Antoniego Laubitza
,bp. Dominika,Biskupa Dominika
,bp. Edwarda Samsela,Biskupa Edwarda Samsela
,bp. Floriana Janowskiego,Biskupa Floriana Janowskiego
,bp. Franciszka Bardy,Biskupa Franciszka Bardy
,bp. Franciszka Śniegonia,Biskupa Franciszka Śniegonia
,bp. Hieronima Wierzbowskiego,Biskupa Hieronima Wierzbowskiego
,bp. Ignacego Krasickiego,Biskupa Ignacego Krasickiego
,bp. J. Chrapka,Biskupa Jana Chrapka
,bp. Jana Lubrańskiego,Biskupa Jana Lubrańskiego
,Bp. Jana Mazura,Biskupa Jana Mazura
,bp. Jana Stanisława Witwickiego,Biskupa Jana Stanisława Witwickiego
,bp. Jarosława,Biskupa Jarosława
,bp. Józefa Pelczara,Biskupa Józefa Pelczara
,bp. Józefa Sebastiana Pelczara,Biskupa Józefa Sebastiana Pelczara
,bp. K. Moszyńskiego,Biskupa Karola Moszyńskiego
,bp. Konstantyna Dominika,Biskupa Konstantyna Dominika
,Bp. M. Jaworskiego,Biskupa Mieczysława Jaworskiego
,bp. Marwicza,Biskupa Jana Nepomucena Marwicza
,bp. Okoniewskiego,Biskupa Wojciecha Okoniewskiego
,bp. Stanisława Adamskiego,Biskupa Stanisława Adamskiego
,bp. Stefana Siczka,Biskupa Stefana Siczka
,bp. Tylickiego,Biskupa Piotra Tylickiego
,bp. Wierzbowskiego,Biskupa Stefana Wierzbowskiego
,Bp. Wilhelma Pluty,Biskupa Wilhelma Pluty
,bpa J. S. Pelczara,Biskupa Józefa Sebastiana Pelczara
,bpa. Władysława Bandurskiego,Biskupa Władysława Bandurskiego
,Braci B. i W. Kordulów,Braci Bronisława i Władysława Kordulów
,Broniewskiego,Władysława Broniewskiego
,Bronisława Ostrowskiego ps. Cichy,"Bronisława Ostrowskiego ps. ""Cichy"""
,Bronisława Wieczorkiewicza ps. Wilk,"Bronisława Wieczorkiewicza ps. ""Wilk"""
,Brzechwy,Jana Brzechwy
,Brzozy,Teofila Brzozy
,Buczka,Mariana Buczka
,Bulwar Nadmorski im. Feliksa Nowowiejskiego,Bulwar Nadmorski Feliksa Nowowiejskiego
,bł. Adolfa Kolpinga,Błogosławionego Adolfa Kolpinga
,Bł. Anieli Salawy,Błogosławionej Anieli Salawy
,Bł. Bronisława Markiewicza,Błogosławionego Bronisława Markiewicza
,bł. Edmunda Bojanowskiego,Błogosławionego Edmunda Bojanowskiego
,bł. Franciszka Dachtery,Błogosławionego Franciszka Dachtery
,bł. Jerzego Popiełuszki,Błogosławionego Jerzego Popiełuszki
,bł. Jolanty,Błogosławionej Jolanty
,bł. Jolenty,Błogosławionej Jolenty
,bł. Julii Rodzińskiej,Błogosławionej Julii Rodzińskiej
,Bł. Juty,Błogosławionej Juty
,bł. Karoliny,Błogosławionej Karoliny
,Bł. Karoliny Kózkówny,Błogosławionej Karoliny Kózkówny
,bł. Królowej Jadwigi,Błogosławionej Królowej Jadwigi
,bł. ks. Antoniego Beszty-Borowskiego,Błogosławionego Księdza Antoniego Beszty-Borowskiego
,bł. ks. Edwarda Grzymały,Błogosławionego Księdza Edwarda Grzymały
,Bł. Ks. J. Popiełuszki,Błogosławionego Księdza Jerzego Popiełuszki
,bł. ks. Jerzego Popiełuszki,Błogosławionego Księdza Jerzego Popiełuszki
,bł. ks. Józefa Stanka,Błogosławionego Księdza Józefa Stanka
,bł. ks. kmdr. ppor. Władysława Miegonia,Błogosławionego Księdza Komandora Podporucznika Władysława Miegonia
,bł. ks. Kowalskiego,Błogosławionego Księdza Kowalskiego
,bł. ks. Mariana Skrzypczaka,Błogosławionego Księdza Mariana Skrzypczaka
,Bł. ks. Romana Sitki,Błogosławionego Księdza Romana Sitki
,Bł. Ks. Stanisława Kubisty,Błogosławionego Księdza Stanisława Kubisty
,bł. Księdza Dańkowskiego,Błogosławionego Księdza Dańkowskiego
,bł. Luigiego Novarese,Błogosławionego Luigiego Novarese
,bł. Marii Karłowskiej,Błogosławionej Marii Karłowskiej
,bł. Reginy Protmann,Błogosławionej Reginy Protmann
,bł. s. Marii Heliodory,Błogosławionej Siostry Marii Heliodory
,bł. Salomei,Błogosławionej Salomei
,bł. Siostry Faustyny,Błogosławionej Siostry Faustyny
,bł. Sykulskiego,Błogosławionego Kazimierza Sykulskiego
,bł. Wincentego Kadłubka,Błogosławionego Wincentego Kadłubka
,Bł. Władysława Findysza,Błogosławionego Władysława Findysza
,Błog. Faustyny,Błogosławionej Siostry Faustyny
,Błog. Królowej Jadwigi,Błogosławionej Królowej Jadwigi
,Błogosławionego Ks. Jerzego Popiełuszki,Błogosławionego Księdza Jerzego Popiełuszki
,C. Godebskiego,Cypriana Godebskiego
,C. K. Norwida,Cypriana Kamila Norwida
,C. Kamila Norwida,Cypriana Kamila Norwida
,C. Skłodowskiej,Marii Skłodowskiej-Curie
,Chałubińskiego,Tytusa Chałubińskiego
,Chełmońskiego,Józefa Chełmońskiego
,Chodkiewicza,Karola Chodkiewicza
,Chopina,Fryderyka Chopina
,Chopina Fryderyka,Fryderyka Chopina
,chor. Szorta,Chorążego Szorta
,Chrobrego,Bolesława Chrobrego
,Cieplaka,Zygmunta Cieplaka
,Ciołkowskiego,Konstantego Ciołkowskiego
,Curie-Skłodowskiej,Marii Skłodowskiej-Curie
,Cypriana K. Norwida,Cypriana Kamila Norwida
,Cz. Miłosza,Czesława Miłosza
,Damrota,Konstantego Damrota
,Darwina,Karola Darwina
,Daszyńskiego,Ignacego Daszyńskiego
,Derdowskiego,Hieronima Derdowskiego
,dh Mariana Tomaszewskiego,Druha Mariana Tomaszewskiego
,dh. Aleksandra Kamińskiego,Druha Aleksandra Kamińskiego
,dh. Józefa Glinkowskiego,Druha Józefa Glinkowskiego
,Doc. Adama Dowgirda,Docenta Adama Dowgirda
,Dolina j. Głębokiego,Dolina Jeziora Głębokiego
,Dr A. Pokrzywnickiego,Doktora Augusta Pokrzywnickiego
,dr Adama Wardyńskiego,Doktora Adama Wardyńskiego
,dr Aleksandra Dobkiewicza,Doktora Aleksandra Dobkiewicza
,dr Aleksandra Dubiskiego,Doktora Aleksandra Dubiskiego
,dr Aleksandra Jaworowskiego,Doktora Aleksandra Jaworowskiego
,dr Aleksandra Majkowskiego,Doktora Aleksandra Majkowskiego
,Dr Andrzeja,Doktora Andrzeja
,dr Andrzeja Mielęckiego,Doktora Andrzeja Mielęckiego
,dr Anny Wróbel,Doktor Anny Wróbel
,dr Antoniego Artymiaka,Doktora Antoniego Artymiaka
,dr Antoniego Gałązki,Doktora Antoniego Gałązki
,dr Antoniego i Janiny Docha,Doktorów Antoniego i Janiny Docha
,Dr Antoniego Jurasza,Doktora Antoniego Jurasza
,dr Antoniego Michałowskiego,Doktora Antoniego Michałowskiego
,dr Barbary Sztembis,Doktor Barbary Sztembis
,Dr Bronisława Hagera,Doktora Bronisława Hagera
,Dr E. Cyrana,Doktora Emila Cyrana
,Dr Edwarda Rittlera,Doktora Edwarda Rittlera
,Dr F. i Z. Tokarskich,Doktorów Feliksa i Zygmunta Tokarskich
,Dr Franciszka Kubacza,Doktora Franciszka Kubacza
,dr Genowefy Matusewicz,Doktor Genowefy Matusewicz
,dr H. Spoczyńskiej,Doktor Heleny Spoczyńskiej
,dr Hasińskiego,Doktora Zdzisława Hasińskiego
,dr Heleny i Wiktora Bujarskich,Doktorów Heleny i Wiktora Bujarskich
,Dr Henryka M. Szymańskiego,Doktora Henryka Szymańskiego
,dr Ignacego Nowaka,Doktora Ignacego Nowaka
,dr Ignacego Zimniaka,Doktora Ignacego Zimniaka
,dr inż. Tadeusza Sarnowskiego,Doktora Inżyniera Tadeusza Sarnowskiego
,Dr Ireneusza Wierzejewskiego,Doktora Ireneusza Wierzejewskiego
,dr Ireny Białówny,Doktora Ireny Białówny
,dr Jana Karczewskiego,Doktora Jana Karczewskiego
,dr Janusza Korczaka,Doktora Janusza Korczaka
,Dr Jordana,Doktora Henryka Jordana
,dr Juliana Smolika,Doktora Juliana Smolika
,dr Józefa Patryna,Doktora Józefa Patryna
,dr Józefa Rostka,Doktora Józefa Rostka
,dr Józefa Szczepańskiego,Doktora Józefa Szczepańskiego
,Dr Józefa Sztajna,Doktora Józefa Sztajna
,Dr Kazimierza Hołogi,Doktora Kazimierza Hołogi
,dr Kazimierza Niedzielskiego,Doktora Kazimierza Niedzielskiego
,Dr Ludwika Adamczyka,Doktora Ludwika Adamczyka
,dr Macieja Suwady,Doktora Macieja Suwady
,Dr Majkowskiego,Doktora Aleksandra Majkowskiego
,dr med. Kazimierza Frąckowskiego,Doktora Kazimierza Frąckowskiego
,Dr Michała Drozdowicza,Doktora Michała Drozdowicza
,dr Michała Grażyńskiego,Doktora Michała Grażyńskiego
,Dr Michała Marczaka,Doktora Michała Marczaka
,dr n. med. płk Stanisława Czyrnego,Doktora Pułkownika Stanisława Czyrnego
,Dr Olgi Lilien,Doktor Olgi Lilien
,dr Pieniężnego,Doktora Zbigniewa Pieniężnego
,Dr Piotrowskiego,Doktora Jana Piotrowskiego
,dr Rudolfa Diesla,Doktora Rudolfa Diesla
,dr Stanisława Korczyńskiego,Doktora Stanisława Korczyńskiego
,dr Stanisława Meysnera,Doktora Stanisława Meysnera
,dr Stanisława Olchawy,Doktora Stanisława Olchawy
,dr Stanisława Sędka,Doktora Stanisława Sędka
,Dr Stefana Żarnowskiego,Doktora Stefana Żarnowskiego
,Dr Szczepana Kruczka,Doktora Szczepana Kruczka
,dr Tadeusza Jankowskiego,Doktora Tadeusza Jankowskiego
,dr Tadeusza Nowickiego,Doktora Tadeusza Nowickiego
,dr Tadeusza Podbielskiego,Doktora Tadeusza Podbielskiego
,Dr Tadeusza Więcka,Doktora Tadeusza Więcka
,Dr Tomasza Żywca,Doktora Tomasza Żywca
,Dr W. Felickiego,Doktora Włodzimierza Felickiego
,dr Wacława Lasockiego,Doktora Wacława Lasockiego
,dr Wincentego Styczyńskiego,Doktora Wincentego Styczyńskiego
,dr Wojciecha Czerwińskiego,Doktora Wojciecha Czerwińskiego
,dr Wł. Godlewskiego,Doktora Władysława Godlewskiego
,Dr Władysława Bandurskiego,Doktora Władysława Bandurskiego
,dr Władysława Baranowskiego,Doktora Władysława Baranowskiego
,dr Władysława Przygody,Doktora Władysława Przygody
,dr Włodzimierza Cyrkowicza,Doktora Włodzimierza Cyrkowicza
,dr Zdany Brandt,Doktor Zdany Brandt
,dr Zofii Karaś,Doktor Zofii Karaś
,dr Zygmunta Kasperowicza,Doktora Zygmunta Kasperowicza
,Dr Zygmunta Leszczyńskiego,Doktora Zygmunta Leszczyńskiego
,dr. Adama Bilika,Doktora Adama Bilika
,dr. Alberta Schmidta,Doktora Alberta Schmidta
,dr. Aleksandra Majkowskiego,Doktora Aleksandra Majkowskiego
,dr. Alfreda Bulsiewicza,Doktora Alfreda Bulsiewicza
,dr. Alfreda Sokołowskiego,Doktora Alfreda Sokołowskiego
,dr. Andrzeja Mielęckiego,Doktora Andrzeja Mielęckiego
,Dr. Antoniego Alkiewicza,Doktora Antoniego Alkiewicza
,dr. Antoniego Bukowego,Doktora Antoniego Bukowego
,dr. Antoniego Rogalińskiego,Doktora Antoniego Rogalińskiego
,Dr. Antoniego Troczewskiego,Doktora Antoniego Troczewskiego
,Dr. Antoniego Wolskiego,Doktora Antoniego Wolskiego
,dr. Atanazego Hankiewicza,Doktora Atanazego Hankiewicza
,dr. Augusta Oetkera,Doktora Augusta Oetkera
,dr. Augusta Sochackiego,Doktora Augusta Sochackiego
,dr. Bernardczyka,Doktora Karola Bernardczyka
,dr. Bieleckiego,Doktora Ignacego Bieleckiego
,dr. Bolesława Różańskiego,Doktora Bolesława Różańskiego
,dr. Bronisława Hagera,Doktora Bronisława Hagera
,dr. Bronisława Świderskiego,Doktora Bronisława Świderskiego
,dr. Drygasa,Doktora Arnolda Drygasa
,dr. Dworzaczka,Doktora Józefa Dworzaczka
,dr. Edmunda Wojtyły,Doktora Edmunda Wojtyły
,Dr. Emila Warmińskiego,Doktora Emila Warmińskiego
,dr. Eugeniusza Rytla,Doktora Eugeniusza Rytla
,dr. Eugeniusza Rąpały,Doktora Eugeniusza Rąpały
,dr. Feliksa Milberta,Doktora Feliksa Milberta
,Dr. Fiedorowicza,Doktora Konrada Fiedorowicza
,dr. Fl. Ceynowy,Doktora Floriana Ceynowy
,dr. Floriana Ceynowy,Doktora Floriana Ceynowy
,dr. Floriana Ogana,Doktora Floriana Ogana
,dr. Franciszka Gabriela,Doktora Franciszka Gabriela
,dr. Franciszka Lercha,Doktora Franciszka Lercha
,dr. Franciszka Witaszka,Doktora Franciszka Witaszka
,dr. Henryka Jordana,Doktora Henryka Jordana
,dr. Ignacego Wróbla,Doktora Ignacego Wróbla
,dr. J. Szpakowskiego,Doktora Jerzego Szpakowskiego
,Dr. Jakuba Cieślewicza,Doktora Jakuba Cieślewicza
,dr. Jakuba Zysmana,Doktora Jakuba Zysmana
,dr. Jana Dreckiego,Doktora Jana Dreckiego
,dr. Jana Gawrońskiego,Doktora Jana Gawrońskiego
,dr. Jana Gołąba,Doktora Jana Gołąba
,dr. Jana Huberta,Doktora Jana Huberta
,dr. Jana Jaworskiego,Doktora Jana Jaworskiego
,dr. Jana Michejdy,Doktora Jana Michejdy
,dr. Jana Rybickiego,Doktora Jana Rybickiego
,dr. Jana Schwabe,Doktora Jana Schwabe
,dr. Jana Szmurły,Doktora Jana Szmurły
,dr. Jana W. Jędrzejewicza,Doktora Jana Walerego Jędrzejewicza
,dr. Jana Walkowskiego,Doktora Jana Walkowskiego
,dr. Janusza Korczaka,Doktora Janusza Korczaka
,dr. Janusza Petera,Doktora Janusza Petera
,dr. Jerzego Gerarda Koppa,Doktora Jerzego Gerarda Koppa
,dr. Jordana,Doktora Henryka Jordana
,dr. Judyma,Doktora Judyma
,dr. Juliana Domańskiego,Doktora Juliana Domańskiego
,dr. Juliana Gerpe,Doktora Juliana Gerpe
,dr. Józefa Balewskiego,Doktora Józefa Balewskiego
,Dr. Józefa Geislera,Doktora Józefa Geislera
,dr. Józefa Kopicza,Doktora Józefa Kopicza
,dr. Józefa Matuszewskiego,Doktora Józefa Matuszewskiego
,dr. Józefa Putka,Doktora Józefa Putka
,dr. Józefa Rostka,Doktora Józefa Rostka
,dr. Karola Benniego,Doktora Karola Benniego
,dr. Karola Szymańskiego,Doktora Karola Szymańskiego
,dr. Karola Zaleskiego,Doktora Karola Zaleskiego
,dr. Kazimierza Hernicha,Doktora Kazimierza Hernicha
,dr. Kazimierza Maja,Doktora Kazimierza Maja
,dr. Kazimierza Ptaszyńskiego,Doktora Kazimierza Ptaszyńskiego
,dr. Kazimierza Wróblewskiego,Doktora Kazimierza Wróblewskiego
,dr. Kisiały,Doktora Jerzego Kisiały
,dr. Leona Heykego,Doktora Leona Heykego
,dr. Leona Rutkowskiego,Doktora Leona Rutkowskiego
,dr. Ludwiga Guttmanna,Doktora Ludwiga Guttmanna
,Dr. Ludwika Wiśniewskiego,Doktora Ludwika Wiśniewskiego
,dr. Ludwika Zamenhofa,Doktora Ludwika Zamenhofa
,dr. M. Bojasińskiego,Doktora Michała Bojasińskiego
,dr. M. Chełmońskiego,Doktora Mateusza Chełmońskiego
,dr. Maksymiliana Cichego,Doktora Maksymiliana Cichego
,dr. Maksymiliana Kronlanda,Doktora Maksymiliana Kronlanda
,dr. Mariana Piaseckiego,Doktora Mariana Piaseckiego
,dr. Michała Ilczyszyna,Doktora Michała Ilczyszyna
,dr. Mieczysława Kowalskiego,Doktora Mieczysława Kowalskiego
,dr. Pawła Olszewskiego,Doktora Pawła Olszewskiego
,dr. Poziomskiego,Doktora Witolda Poziomskiego
,dr. Rydygiera,Doktora Ludwika Rydygiera
,dr. S. Kwaska,Doktora Stefana Kwaska
,dr. Seweryna Matuszewskiego,Doktora Seweryna Matuszewskiego
,Dr. Seweryna Mściwujewskiego,Doktora Seweryna Mściwujewskiego
,dr. Seweryna Sterlinga,Doktora Seweryna Sterlinga
,Dr. Stanisława Dorantta,Doktora Stanisława Dorantta
,dr. Stanisława Jezierskiego,Doktora Stanisława Jezierskiego
,dr. Stanisława Kryzana,Doktora Stanisława Kryzana
,dr. Stanisława Markowskiego,Doktora Stanisława Markowskiego
,Dr. Stanisława Pawłowskiego,Doktora Stanisława Pawłowskiego
,dr. Stanisława Pojaska,Doktora Stanisława Pojaska
,dr. Stanisława Skudry,Doktora Stanisława Skudry
,dr. Stanisława Witka,Doktora Stanisława Witka
,dr. Sz. M. Klarnera,Doktora Szymona Klarnera
,dr. Tadeusza Bilikiewicza,Doktora Tadeusza Bilikiewicza
,dr. Tadeusza Kosibowicza,Doktora Tadeusza Kosibowicza
,dr. Tadeusza Rakowieckiego,Doktora Tadeusza Rakowieckiego
,dr. Tadeusza Tyszkiewicza,Doktora Tadeusza Tyszkiewicza
,dr. Tadeusza Wagnera,Doktora Tadeusza Wagnera
,dr. Teofila Rzepnikowskiego,Doktora Teofila Rzepnikowskiego
,dr. Teofila Zegarskiego,Doktora Teofila Zegarskiego
,dr. Tytusa Chałubińskiego,Doktora Tytusa Chałubińskiego
,dr. Wacława Bendowskiego,Doktora Wacława Bendowskiego
,Dr. Wiktora Łabędzkiego,Doktora Wiktora Łabędzkiego
,dr. Witolda Antesa,Doktora Witolda Antesa
,dr. Witolda Eichlera,Doktora Witolda Eichlera
,dr. Wł. Cholewińskiego,Doktora Władysława Cholewińskiego
,dr. Wł. Franciszka Dłutka,Doktora Władysława Franciszka Dłutka
,dr. Władysława Dmocha,Doktora Władysława Dmocha
,dr. Władysława Grażewicza,Doktora Władysława Grażewicza
,dr. Władysława Klementowskiego,Doktora Władysława Klementowskiego
,dr. Władysława Paneckiego,Doktora Władysława Paneckiego
,dr. Włodzimierza Rodziewicza,Doktora Włodzimierza Rodziewicza
,dr. Zbigniewa Przybyszowskiego,Doktora Zbigniewa Przybyszowskiego
,dr. Zielińskiego,Doktora Zielińskiego
,dr. Zigmunda,Doktora Jana Zigmunda
,dr. Zygmunta Schinzla,Doktora Zygmunta Schinzla
,Dr. Zygmunta Tomaszunasa,Doktora Zygmunta Tomaszunasa
,dra Alfonsa Modrzejewskiego,Doktora Alfonsa Modrzejewskiego
,dra Andrzeja Cinciały,Doktora Andrzeja Cinciały
,dra Edmunda Biernackiego,Doktora Edmunda Biernackiego
,Dra Gustawa Dolińskiego,Doktora Gustawa Dolińskiego
,dra Jana Gellerta,Doktora Jana Gellerta
,dra Jana Kowalskiego,Doktora Jana Kowalskiego
,dra Judyma,Doktora Judyma
,Dra Kazimierza Jaczewskiego,Doktora Kazimierza Jaczewskiego
,dra Michała Biernackiego,Doktora Michała Biernackiego
,dra Mieczysława Orłowicza,Doktora Mieczysława Orłowicza
,dra Stanisława Krzysia,Doktora Stanisława Krzysia
,dra Stanisława Skarzyńskiego,Doktora Stanisława Skarzyńskiego
,Dra Witolda Chodźki,Doktora Witolda Chodźki
,dra Wojciecha Oczki,Doktora Wojciecha Oczki
,Drzonków-E. Romera,Drzonków-Eugeniusza Romera
,Drzymały,Michała Drzymały
0941984,Dąbrowskiego,Henryka Dąbrowskiego
0945746,Dąbrowskiego,Jarosława Dąbrowskiego
,Dąbrowskiej,Marii Dąbrowskiej
,Długosza,Jana Długosza
,E. Dembowskiego,Edwarda Dembowskiego
,E. i H. Bieleckich,Eugenii i Henryka Bieleckich
,E. Orzeszkowej,Elizy Orzeszkowej
,E. Plater,Emilii Plater
,E. Sczanieckiej,Emilii Sczanieckiej
,E. Szczepankiewicza,Eugieniusza Szczepankiewicza
,E. Taczanowskiego,Edmunda Taczanowskiego
,F. Adwenta,Filipa Adwenta
,F. Ceynowy,Floriana Ceynowy
,F. Chopina,Fryderyka Chopina
,F. Gzelli,Feliksa Gzelli
,F. Hynka,Franciszka Hynka
,F. Konarskiego,Feliksa Konarskiego
,F. Kucharskiego,Feliksa Kucharskiego
,F. Stamma,Feliksa Stamma
,F. Wielopolskiego,Franciszka Wielopolskiego
,Fitelberga,Grzegorza Fitelberga
,Fr. Chopina,Fryderyka Chopina
,Fr. Kowalewskiego,Franciszka Kowalewskiego
,Fr. Sójki,Franciszka Sójki
,Franciszka G. Gołębiowskiego,Franciszka Grzegorza Gołębiowskiego
,Fredry,Aleksandra Fredry
,Furgoła,Piotra Furgoła
,G. Hauptstocka,Güntera Hauptstocka
,G. Knapskiego,Grzegorza Knapskiego
,G. Narutowicza,Gabriela Narutowicza
,G. Zapolskiej,Gabrieli Zapolskiej
,Gagarina,Jurija Gagarina
,Gałczyńskiego,Konstantego Ildefonsa Gałczyńskiego
,Gen. A. E. Fieldorfa,Generała Augusta Emila Fieldorfa
,gen. A. Kosińskiego,Generała Amilkara Kosińskiego
,gen. Adama Eplera,Generała Adama Eplera
,Gen. Adama Skilskiego,Generała Adama Skilskiego
,Gen. Aleksandra Arkuszyńskiego,Generała Aleksandra Arkuszyńskiego
,gen. Aleksandra Krzyżanowskiego,Generała Aleksandra Krzyżanowskiego
,gen. Aleksandra Narbuta Łuczyńskiego,Generała Aleksandra Narbuta Łuczyńskiego
,Gen. Aleksandra Osińskiego,Generała Aleksandra Osińskiego
,gen. Alojzego Fryderyka Brühla,Generała Alojzego Fryderyka Brühla
,Gen. Amilkara Kosińskiego,Generała Amilkara Kosińskiego
,gen. Andersa,Generała Władysława Andersa
,gen. Andrzeja Galicy,Generała Andrzeja Galicy
,gen. Antoniego Chruściela,Generała Antoniego Chruściela
,gen. Antoniego Giełguda,Generała Antoniego Giełguda
,gen. Antoniego Hedy-Szarego,Generała Antoniego Hedy-Szarego
,Gen. Antoniego Jeziorańskiego,Generała Antoniego Jeziorańskiego
,gen. Antoniego Józefa Madalińskiego,Generała Antoniego Józefa Madalińskiego
,Gen. Antoniego Kosińskiego,Generała Antoniego Kosińskiego
,gen. Antoniego Madalińskiego,Generała Antoniego Madalińskiego
,gen. Antoniego Szyllinga,Generała Antoniego Szyllinga
,gen. Antoniego Zdrojewskiego,Generała Antoniego Zdrojewskiego
,gen. Arciszewskiego,Generała Franciszka Arciszewskiego
,gen. Augusta E. Fieldorfa,Generała Augusta Emila Fieldorfa
,gen. Augusta Emila Fieldorfa,Generała Augusta Emila Fieldorfa
,Gen. Augusta Emila Fieldorfa-Nila,Generała Augusta Emila Fieldorfa-Nila
,gen. Bema,Generała Józefa Bema
,Gen. Bohusza Szyszko,Generała Bohusza Szyszko
,Gen. Bolesława Ducha,Generała Bolesława Ducha
,gen. Bolesława Roi,Generała Bolesława Roi
,Gen. Bora Komorowskiego,"Generała Tadeusza ""Bora"" Komorowskiego"
,gen. Bora-Komorowskiego,"Generała Tadeusza ""Bora"" Komorowskiego"
,gen. broni Tadeusza Buka,Generała Broni Tadeusza Buka
,gen. Broni Władysława Sikorskiego,Generała Broni Władysława Sikorskiego
,gen. Bronisława Ducha,Generała Bronisława Ducha
,gen. Bruno Olbrychta,Generała Bruno Olbrychta
,Gen. bryg. Jacka Bartoszcze,Generała Brygady Jacka Bartoszcze
,gen. bryg. Mikołaja Bołtucia,Generała Brygady Mikołaja Bołtucia
,gen. bryg. Stanisława Grzmot-Skotnickiego,Generała Brygady Stanisława Grzmot-Skotnickiego
,gen. Brygady Pilota Michała Polecha,Generała Brygady Pilota Michała Polecha
,gen. Charlesa de Gaulle'a,Generała Charlesa de Gaulle'a
,gen. Chrzanowskiego,Generała Ignacego Chrzanowskiego
,Gen. Chłopickiego,Generała Józefa Chłopickiego
,gen. D. Chłapowskiego,Generała Dezyderego Chłapowskiego
,gen. de Gaulle'a,Generała Charlesa de Gaulle'a
,gen. Dezyderego Chłapowskiego,Generała Dezyderego Chłapowskiego
,gen. Dwernickiego,Generała Józefa Dwernickiego
,gen. dyw. Tadeusza Kutrzeby,Generała Dywizji Tadeusza Kutrzeby
,gen. dyw. Władysława Bortnowskiego,Generała Dywizji Władysława Bortnowskiego
,gen. Dywizji Franciszka Kleeberga,Generała Dywizji Franciszka Kleeberga
,Gen. Dąbrowskiego,Generała Jarosława Dąbrowskiego
,Gen. E. J. Godlewskiego,Generała Edwarda Józefa Godlewskiego
,Gen. Edmunda Taczanowskiego,Generała Edmunda Taczanowskiego
,gen. Elżbiety Zawackiej,Generał Elżbiety Zawackiej
,gen. Emila Fieldorfa,Generała Emila Fieldorfa
,gen. F. Kleeberga,Generała Franciszka Kleeberga
,Gen. F. Sławoja Składkowskiego,Generała Felicjana Sławoja Składkowskiego
,gen. Feliksa Kamińskiego,Generała Feliksa Kamińskiego
0166887,gen. Fieldorfa,Generała Emila Fieldorfa
0166930,gen. Fieldorfa,Generała Emila Fieldorfa
0930800,Gen. Fieldorfa,"Generała Augusta Emila Fieldorfa ""Nila"""
,gen. Franciszka Altera,Generała Franciszka Altera
,gen. Franciszka Barstcha,Generała Franciszka Barstcha
,gen. Franciszka Kamińskiego,Generała Franciszka Kamińskiego
,gen. Franciszka Kleeberga,Generała Franciszka Kleeberga
,gen. Franciszka Krajowskiego,Generała Franciszka Krajowskiego
,gen. Franciszka Ksawerego Christianiego,Generała Franciszka Ksawerego Christianiego
,gen. Franciszka Latinika,Generała Franciszka Latinika
,gen. Franciszka Żymirskiego,Generała Franciszka Żymirskiego
,gen. G. Orlicz-Dreszera,Generała Gustawa Orlicz-Dreszera
,gen. Galicy,Generała Andrzeja Galicy
,gen. George'a Smitha Pattona,Generała George'a Smitha Pattona
,gen. Giuseppe Garibaldiego,Generała Giuseppe Garibaldiego
,Gen. Grochowskiego,Generała Jana Grochowskiego
,gen. Grota Roweckiego,Generała Stefana Grota-Roweckiego
0613903,Gen. Grota Roweckiego,Generała Stefana Grota Roweckiego
,gen. Grota-Roweckiego,Generała Stefana Grota-Roweckiego
,Gen. Gustawa Orlicz Dreszera,Generała Gustawa Orlicz Dreszera
,gen. Gustawa Orlicz-Dreszera,Generała Gustawa Orlicz-Dreszera
,gen. Gustawa Orlicza-Dreszera,Generała Gustawa Orlicza-Dreszera
,gen. H. Dąbrowskiego,Generała Henryka Dąbrowskiego
,gen. Hallera,Generała Józefa Hallera
,gen. Henryka Dembińskiego,Generała Henryka Dembińskiego
,gen. Henryka Dąbrowskiego,Generała Henryka Dąbrowskiego
,Gen. Henryka Le Ronda,Generała Henryka le Ronda
,gen. I. Prądzyńskiego,Generała Ignacego Prądzyńskiego
,gen. Ignacego Ledóchowskiego,Generała Ignacego Ledóchowskiego
,gen. Ignacego Prądzyńskiego,Generała Ignacego Prądzyńskiego
,gen. J. Bema,Generała Józefa Bema
,gen. J. Chłopickiego,Generała Józefa Chłopickiego
,gen. J. Dwernickiego,Generała Józefa Dwernickiego
,gen. J. Hallera,Generała Józefa Hallera
,gen. J. N. Umińskiego,Generała Jana Nepomucena Umińskiego
,gen. J. Sowińskiego,Generała Józefa Sowińskiego
,gen. J.H. Dąbrowskiego,Generała Jana Henryka Dąbrowskiego
,gen. Jakuba Jasińskiego,Generała Jakuba Jasińskiego
,gen. Jana Henryka Dąbrowskiego,Generała Jana Henryka Dąbrowskiego
,gen. Jana Karcza,Generała Jana Karcza
,gen. Jana Nepomucena Umińskiego,Generała Jana Nepomucena Umińskiego
,Gen. Jana Sadowskiego,Generała Jana Sadowskiego
,gen. Jana Skrzyneckiego,Generała Jana Skrzyneckiego
,gen. Jana Tomickiego,Generała Jana Tomickiego
,gen. Jana W. Kiwerskiego,Generała Jana Wojciecha Kiwerskiego
,gen. Janusza Głuchowskiego,Generała Janusza Głuchowskiego
,gen. Jarosława Dąbrowskiego,Generała Jarosława Dąbrowskiego
,Gen. Jasińskiego,Generała Jakuba Jasińskiego
,gen. Jerzego Przemysława Morawicza,Generała Jerzego Przemysława Morawicza
,gen. Jerzego Ziętka,Generała Jerzego Ziętka
,gen. Juliana Filipowicza,Generała Juliana Filipowicza
,gen. Juliana Skokowskiego,Generała Juliana Skokowskiego
,gen. Juliusza Rómmla,Generała Juliusza Rómmla
,gen. Józefa Bema,Generała Józefa Bema
,gen. Józefa Chłopickiego,Generała Józefa Chłopickiego
,gen. Józefa Dowbor-Muśnickiego,Generała Józefa Dowbor-Muśnickiego
,gen. Józefa Dowbór-Muśnickiego,Generała Józefa Dowbór-Muśnickiego
,gen. Józefa Dwernickiego,Generała Józefa Dwernickiego
,gen. Józefa Edwarda Grobelnego,Generała Józefa Edwarda Grobelnego
,gen. Józefa Fiszera,Generała Józefa Fiszera
,gen. Józefa Gizy,Generała Józefa Gizy
,gen. Józefa Hallera,Generała Józefa Hallera
,gen. Józefa Hauke-Bosaka,Generała Józefa Hauke-Bosaka
,gen. Józefa Kalickiego,Generała Józefa Kalickiego
,Gen. Józefa Karge,Generała Józefa Karge
,gen. Józefa Kustronia,Generała Józefa Kustronia
,gen. Józefa Longina Sowińskiego,Generała Józefa Longina Sowińskiego
,gen. Józefa Ludwika Hauke-Bosaka,Generała Józefa Ludwika Hauke-Bosaka
,Gen. Józefa Niemojewskiego,Generała Józefa Niemojewskiego
,gen. Józefa Sowińskiego,Generała Józefa Sowińskiego
,gen. Józefa Wybickiego,Generała Józefa Wybickiego
,gen. Józefa Wysockiego,Generała Józefa Wysockiego
,gen. Józefa Zająca,Generała Józefa Zająca
,gen. Józefa Zajączka,Generała Józefa Zajączka
,gen. K. Pułaskiego,Generała Kazimierza Pułaskiego
,gen. K. Sosnkowskiego,Generała Kazimierza Sosnkowskiego
,gen. Karola Kniaziewicza,Generała Karola Kniaziewicza
,Gen. Kazimierza Gilarskiego,Generała Kazimierza Gilarskiego
,gen. Kazimierza Glabisza,Generała Kazimierza Glabisza
,gen. Kazimierza Grudzielskiego,Generała Kazimierza Grudzielskiego
,gen. Kazimierza Pułaskiego,Generała Kazimierza Pułaskiego
,gen. Kazimierza Sosnkowskiego,Generała Kazimierza Sosnkowskiego
,gen. Kazimierza Tumidajskiego,Generała Kazimierza Tumidajskiego
,gen. Kleeberga,Generała Franciszka Kleeberga
,gen. Klemensa Rudnickiego,Generała Klemensa Rudnickiego
,gen. Kniaziewicza,Generała Karola Kniaziewicza
,gen. Komierowskiego,Generała Jakuba Komierowskiego
,gen. Komorowskiego,"Generała Tadeusza ""Bora"" Komorowskiego"
,gen. Kopańskiego,Generała Stanisława Kopańskiego
,Gen. Kruka,Generała Kruka
,gen. Kąckiego,Generała Marcina Kąckiego
,gen. L. Niedźwiadka-Okulickiego,"Generała Leopolda Okulickiego ""Niedźwiadka"""
,gen. L. Okulickiego,Generała Leopolda Okulickiego
,Gen. Leopolda Cehaka,Generała Leopolda Cehaka
,gen. Leopolda Okulickiego,Generała Leopolda Okulickiego
,gen. Lucjana Żeligowskiego,Generała Lucjana Żeligowskiego
,gen. Ludomiła Rayskiego,Generała Ludomiła Rayskiego
,gen. Ludwika Bittnera,Generała Ludwika Bittnera
,gen. Ludwika Czyżewskiego,Generała Ludwika Czyżewskiego
,gen. Ludwika Kickiego,Generała Ludwika Kickiego
,gen. Ludwika Kmicic-Skrzyńskiego,Generała Ludwika Kmicic-Skrzyńskiego
,gen. Ludwika Mierosławskiego,Generała Ludwika Mierosławskiego
,gen. M. Bołtucia,Generała Mikołaja Bołtucia
,gen. M. Smorawińskiego,Generała Mieczysława Smorawińskiego
,gen. M. Tokarzewskiego-Karaszewicza,Generała Michała Tokarzewskiego-Karaszewicza
,gen. Maczka,Generała Stanisława Maczka
,gen. Madalińskiego,Generała Antoniego Madalińskiego
,gen. Mariana Kukiela,Generała Mariana Kukiela
,gen. Mariana Langiewicza,Generała Mariana Langiewicza
,gen. Mariana Turkowskiego,Generała Mariana Turkowskiego
,gen. Marii Wittek,Generał Marii Wittek
,gen. Marii Wittekówny,Generał Marii Wittekówny
,gen. Mariusza Zaruskiego,Generała Mariusza Zaruskiego
,Gen. Maurycego Haukego,Generała Maurycego Haukego
,gen. Michała Kruka,Generała Michała Kruka
,gen. Michała Sokolnickiego,Generała Michała Sokolnickiego
,gen. Michała Tokarzewskiego-Karaszewicza,Generała Michała Tokarzewskiego-Karaszewicza
,gen. Mieczysława Boruty-Spiechowicza,Generała Mieczysława Boruty-Spiechowicza
,gen. Mieczysława Dąbkowskiego,Generała Mieczysława Dąbkowskiego
,gen. Mieczysława Smorawińskiego,Generała Mieczysława Smorawińskiego
,gen. Mikołaja Bołtucia,Generała Mikołaja Bołtucia
,gen. Milana-Kamskiego,Generała Milana-Kamskiego
,gen. Morawskiego,Generała Franciszka Morawskiego
,gen. Nikodema Sulika,Generała Nikodema Sulika
,gen. Nila-Fieldorfa,"Generała Augusta Fieldorfa ""Nila"""
,gen. Okulickiego,Generała Leopolda Okulickiego
,gen. Orlicz-Dreszera,Generała Gustawa Orlicz-Dreszera
,gen. Ottokara Brzozy-Brzeziny,Generała Ottokara Brzozy-Brzeziny
,gen. pil. Witolda Urbanowicza,Generała Pilota Witolda Urbanowicza
,Gen. Pilota St. Skalskiego,Generała Pilota Stanisława Skalskiego
,Gen. Prądzyńskiego,Generała Ignacego Prądzyńskiego
,Gen. Pułaskiego,Generała Kazimierza Pułaskiego
,gen. Romana Abrahama,Generała Romana Abrahama
,gen. Roweckiego-Grota,"Generała Stefana ""Grota"" Roweckiego"
,gen. Ryszarda Kuklińskiego,Generała Ryszarda Kuklińskiego
,gen. Rómmla,Generała Juliusza Rómmla
,gen. S. Grota-Roweckiego,Generała Stefana Grota-Roweckiego
,gen. S. Maczka,Generała Stanisława Maczka
,gen. Sikorskiego,Generała Władysława Sikorskiego
,gen. Skarbka Kruszewskiego,Generała Skarbka Kruszewskiego
,Gen. Smoleńskiego,Generała Józefa Smoleńskiego
,gen. Sosnkowskiego,Generała Kazimierza Sosnkowskiego
,Gen. Sowińskiego,Generała Józefa Sowińskiego
,gen. St. Skalskiego,Generała Stanisława Skalskiego
,gen. Stanisława Dąbka,Generała Stanisława Dąbka
,Gen. Stanisława Fiszera,Generała Stanisława Fiszera
,gen. Stanisława Grzmot-Skotnickiego,Generała Stanisława Grzmot-Skotnickiego
,gen. Stanisława Grzmota-Skotnickiego,Generała Stanisława Grzmota-Skotnickiego
,gen. Stanisława Karpińskiego,Generała Stanisława Karpińskiego
,gen. Stanisława Klickiego,Generała Stanisława Klickiego
,gen. Stanisława Maczka,Generała Stanisława Maczka
,Gen. Stanisława Rostworowskiego,Generała Stanisława Rostworowskiego
,gen. Stanisława Skalskiego,Generała Stanisława Skalskiego
,gen. Stanisława Skrzyńskiego,Generała Stanisława Skrzyńskiego
,gen. Stanisława Sosabowskiego,Generała Stanisława Sosabowskiego
,gen. Stanisława Szeptyckiego,Generała Stanisława Szeptyckiego
,gen. Stanisława Taczaka,Generała Stanisława Taczaka
,gen. Stanisława Woyczyńskiego,Generała Stanisława Woyczyńskiego
,gen. Stefana Buchowieckiego,Generała Stefana Buchowieckiego
,gen. Stefana Grota - Roweckiego,Generała Stefana Grota-Roweckiego
,gen. Stefana Grota Roweckiego,Generała Stefana Grota Roweckiego
,gen. Stefana Grota-Roweckiego,Generała Stefana Grota-Roweckiego
,gen. Stefana Hubickiego,Generała Stefana Hubickiego
,gen. Stefana Roweckiego,Generała Stefana Roweckiego
,gen. Stefana Roweckiego-Grota,Generała Stefana Roweckiego-Grota
,Gen. Słubickiego,Generała Augustyna Słubickiego
,gen. T. Bora-Komorowskiego,Generała Tadeusza Bora-Komorowskiego
,Gen. T. Kutrzeby,Generała Tadeusza Kutrzeby
,gen. T. Piskora,Generała Tadeusza Piskora
,gen. Taczanowskiego,Generała Edmunda Taczanowskiego
,Gen. Tadeusza Bora Komorowskiego,Generała Tadeusza Bora Komorowskiego
,gen. Tadeusza Bora-Komorowskiego,Generała Tadeusza Bora-Komorowskiego
,Gen. Tadeusza Góry,Generała Tadeusza Góry
,gen. Tadeusza Jakubowskiego,Generała Tadeusza Jakubowskiego
,gen. Tadeusza Jordana-Rozwadowskiego,Generała Tadeusza Jordana-Rozwadowskiego
,gen. Tadeusza Kasprzyckiego,Generała Tadeusza Kasprzyckiego
,gen. Tadeusza Kościuszki,Generała Tadeusza Kościuszki
,gen. Tadeusza Kutrzeby,Generała Tadeusza Kutrzeby
,gen. Tadeusza Piskora,Generała Tadeusza Piskora
,gen. Tadeusza Rozwadowskiego,Generała Tadeusza Rozwadowskiego
,gen. Umińskiego,Generała Jana Nepomucena Umińskiego
,gen. W. Andersa,Generała Władysława Andersa
,gen. W. Chrzanowskiego,Generała Wojciecha Chrzanowskiego
,gen. W. Sikorskiego,Generała Władysława Sikorskiego
,gen. Wacława Przeździeckiego,Generała Wacława Przeździeckiego
,gen. Walerego Wróblewskiego,Generała Walerego Wróblewskiego
,gen. Waleriana Czumy,Generała Waleriana Czumy
,Gen. Waraksiewicza,Generała Adolfa Mikołaja Waraksiewicza
,gen. Wieniawy-Długoszowskiego,Generała Bolesława Wieniawy-Długoszowskiego
,gen. Wiktora Thomme,Generała Wiktora Thomme
,gen. Wiktora Thommee,Generała Wiktora Thommee
,gen. Wiktora Thommée,Generała Wiktora Thommée
,Gen. Wincentego Kowalskiego,Generała Wincentego Kowalskiego
,gen. Witolda Urbanowicza,Generała Witolda Urbanowicza
,gen. Wojciecha Borzobohatego,Generała Wojciecha Borzobohatego
,gen. Wybickiego,Generała Józefa Wybickiego
,gen. Wł. Andersa,Generała Władysława Andersa
,gen. Wł. Sikorskiego,Generała Władysława Sikorskiego
,Gen. Włada,Generała Franciszka Włada
,gen. Władysława Andersa,Generała Władysława Andersa
,gen. Władysława Bortnowskiego,Generała Władysława Bortnowskiego
,gen. Władysława Raczkiewicza,Generała Władysława Raczkiewicza
,gen. Władysława Sikorskiego,Generała Władysława Sikorskiego
,gen. Z. Gilewicza,Generała Zygmunta Gilewicza
,gen. Zajączka,Generała Józefa Zajączka
,Gen. Zielińskiego,Generała Karola Zielińskiego
,Gen. Ziętka,Generała Jerzego Ziętka
,gen. Zygmunta Bohusz-Szyszko,Generała Zygmunta Bohusz-Szyszko
,gen. Zygmunta Bohusza-Szyszko,Generała Zygmunta Bohusza-Szyszko
,Gen. Zygmunta Jankego,Generała Zygmunta Jankego
,gen. Zygmunta Padlewskiego,Generała Zygmunta Padlewskiego
,gen. Zygmunta Podhorskiego,Generała Zygmunta Podhorskiego
,gen. Zygmunta Waltera Jankego,Generała Zygmunta Waltera Jankego
,gen. Zygmunta Waltera-Janke,Generała Zygmunta Waltera-Janke
,gen. Świerczewskiego,Generała Karola Świerczewskiego
,Gen.Bema,Generała Józefa Bema
,Gen.J.Henryka Dąbrowskiego,Generała Jana Henryka Dąbrowskiego
,Generała Andersa,Generała Władysława Andersa
,Generała Bema,Józefa Bema
,Generała Ch. de Gaulle'a,Generała Charlesa de Gaulle'a
,Generała Fieldorfa-Nila,Generała Augusta Emila Fieldorfa-Nila
,Generała Hallera,Generała Józefa Hallera
,Generała Sikorskiego,Generała Władysława Sikorskiego
,Generała St. Grota Roweckiego,Generała Stefana Grota Roweckiego
,Generała Stef. Grota-Roweckiego,Generała Stefana Grota-Roweckiego
,Generała W. Sikorskiego,Generała Władysława Sikorskiego
,Gierymskiego,Maksymiliana Gierymskiego
,Grobla A. Mickiewicza,Grobla Adama Mickiewicza
,Grota Roweckiego,Generała Stefana Grota-Roweckiego
,Grottgera,Artura Grottgera
,Grzegorzewskiej,Marii Grzegorzewskiej
,Góra św. Anny,Góra Świętej Anny
,Góry św. Anny,Góry Świętej Anny
,Głowackiego,Bartosza Głowackiego
,H. Cegielskiego,Hipolita Cegielskiego
,H. Ch. Andersena,Hansa Christiana Andersena
,H. Derdowskiego,Hieronima Derdowskiego
,H. Dąbrowskiego,Henryka Dąbrowskiego
,H. Hahna,Henryka Hahna
,H. Konopackiej,Haliny Konopackiej
,H. Kołłątaja,Hugona Kołłątaja
,H. M. Sachsów,Henryka i Mieczysławy Sachsów
,H. Marusarzówny,Haliny Marusarzówny
,H. Mniszkówny,Heleny Mniszkówny
,H. Sienkiewicza,Henryka Sienkiewicza
,H. Skarbka,Henryka Skarbka
,H. Sucharskiego,Henryka Sucharskiego
,H. Szczerkowskiego,Hipolita Szczerkowskiego
,H. Wieniawskiego,Henryka Wieniawskiego
,H.Sienkiewicza,Henryka Sienkiewicza
,Hallera,Józefa Hallera
,harc. Józefa Kaczmarskiego,Harcmistrza Józefa Kaczmarskiego
,Harcerzy R. P.,Harcerzy Rzeczypospolitej Polskiej
,harcm. Jerzego Czerwińskiego,Harcmistrza Jerzego Czerwińskiego
,Henryka hr. Łubieńskiego,Hrabiego Henryka Łubieńskiego
,hetm. J. Chodkiewicza,Hetmana Jana Chodkiewicza
,hetm. J. Zamoyskiego,Hetmana Jana Zamoyskiego
,hetm. Jana Zamoyskiego,Hetmana Jana Zamoyskiego
,hetm. S. Czarnieckiego,Hetmana Stefana Czarnieckiego
,hetm. S. Żółkiewskiego,Hetmana Stefana Żółkiewskiego
,hetm. Stanisława Żółkiewskiego,Hetmana Stanisława Żółkiewskiego
,Hetm. Żółkiewskiego,Hetmana Stanisława Żółkiewskiego
,Hetmana A. M. Sieniawskiego,Hetmana Adama Sieniawskiego
,Hetmana Żółkiewskiego,Hetmana Stanisława Żółkiewskiego
,hm. Bernarda Myśliwka,Harcmistrza Bernarda Myśliwka
,hm. Marcina Strachanowskiego,Harcmistrza Marcina Strachanowskiego
,hm. Marii Rydarowskiej,Harcmistrza Marii Rydarowskiej
,hm. Tadeusza Sobisia,Tadeusza Sobisia
,hm. Zbigniewa Łukomskiego,Harcmistrza Zbigniewa Łukomskiego
,hr. Aleksandry Komorowskiej,Hrabiny Aleksandry Komorowskiej
,hr. Alfreda Potockiego,Hrabiego Alfreda Potockiego
,hr. Augusta,Hrabiego Augusta
,hr. Augusta Potockiego,Hrabiego Augusta Potockiego
,hr. Colonny,Hrabiego Colonny
,hr. Jakuba Szembeka,Hrabiego Jakuba Szembeka
,hr. Maurycego Zamoyskiego,Hrabiego Maurycego Zamoyskiego
,hr. Wandy Tarnowskiej,Hrabiny Wandy Tarnowskiej
,hr. Zdzisława Grocholskiego,Hrabiego Zdzisława Grocholskiego
,Hugona Kołłątaja,Hugo Kołłątaja
,I. B. Singera,Isaaca Bashevisa Singera
,I. Daszyńskiego,Ignacego Daszyńskiego
,I. J. Paderewskiego,Ignacego Jana Paderewskiego
,I. Krasickiego,Ignacego Krasickiego
,I. Krasińskiego,Ignacego Krasińskiego
,I. Mościckiego,Ignacego Mościckiego
,I. Paderewskiego,Ignacego Paderewskiego
,I. Łukasiewicza,Ignacego Łukasiewicza
,I. Łęckiej,Izabeli Łęckiej
,I.K. Chodkiewicza,Jana Karola Chodkiewicza
,Ig. Paderewskiego,Ignacego Paderewskiego
,Ignacego D. Kaczmarka,Ignacego Kaczmarka
,Ignacego J. Paderewskiego,Ignacego Jana Paderewskiego
,Ignacego Paderewskiego,Ignacego Jana Paderewskiego
,im. Aleksandra Fredry,Aleksandra Fredry
,im. Aleksandra Majkowskiego,Aleksandra Majkowskiego
,Im. Generała Józefa Hallera,Generała Józefa Hallera
,im. Haliny Poświatowskiej,Haliny Poświatowskiej
,im. Hieronima Derdowskiego,Hieronima Derdowskiego
,im. Jana Pawła II,Jana Pawła II
,im. Klemensa Maciaszczyka,Klemensa Maciaszczyka
,im. Ks. Kazimierza Jońca,Księdza Kazimierza Jońca
,im. ks. Pawła Kwiatkowskiego,Księdza Pawła Kwiatkowskiego
,im. Mariusza Małynicza,Mariusza Małynicza
,im. Ppłk. Hieronima Kupczyka,Podpułkownika  Hieronima Kupczyka
,im. płk. Witolda Pileckiego,Pułkownika Witolda Pileckiego
,im. Romany Kaszczyc,Romany Kaszczyc
,im. Tadeusza Skołuby,Tadeusza Skołuby
,im. Warszawy-Centrum,Warszawy-Centrum
,im. Zbyluta,Zbyluta
,inż. A. Hoffmanna,Inżyniera Alfonsa Hoffmanna
,inż. Antoniego Kocjana,Inżyniera Antoniego Kocjana
,inż. arch. Kazimierza Gregorkiewicza,Inżyniera Architekta Kazimierza Gregorkiewicza
,inż. Bohdana Apolinariusza Łozińskiego,Inżyniera Bohdana Apolinariusza Łozińskiego
,inż. J. Śmidowicza,Inżyniera Jana Śmidowicza
,inż. Jana Brody,Inżyniera Jana Brody
,inż. Jana Chołocińskiego,Inżyniera Jana Chołocińskiego
,inż. Juliana Rummla,Inżyniera Juliana Rummla
,inż. Józefa Kiedronia,Inżyniera Józefa Kiedronia
,inż. Karola Ślusarczyka,Inżyniera Karola Ślusarczyka
,inż. Wincentego Choroszewskiego,Inżyniera Wincentego Choroszewskiego
,inż. Witolda Marczewskiego,Inżyniera Witolda Marczewskiego
,inż. Władysława Rogowskiego,Inżyniera Władysława Rogowskiego
,inż. Władysława Sujkowskiego,Inżyniera Władysława Sujkowskiego
,inż. Zygmunta Okoniewskiego,Inżyniera Zygmunta Okoniewskiego
,J. Bema,Józefa Bema
,J. Brzechwy,Jana Brzechwy
,J. Chełmońskiego,Józefa Chełmońskiego
,J. Chłopickiego,Józefa Chłopickiego
,J. Dąbrowskiego,Jarosława Dąbrowskiego
,J. Długosza,Jana Długosza
,J. Fałata,Juliana Fałata
,J. Fr. von Eichendorffa,Józefa Franciszka von Eichendorffa
,J. Grzymały,Jana Grzymały
,J. Heweliusza,Jana Heweliusza
,J. I. Kraszewskiego,Józefa Ignacego Kraszewskiego
,J. III Sobieskiego,Jana III Sobieskiego
,J. Iwaszkiewicza,Jarosława Iwaszkiewicza
,J. Jasińskiego,Jakuba Jasińskiego
,J. Kasprowicza,Jana Kasprowicza
,J. Kiepury,Jana Kiepury
,J. Kilińskiego,Jana Kilińskiego
,J. Kochanowskiego,Jana Kochanowskiego
,J. Kossaka,Juliusza Kossaka
,J. Kusocińskiego,Janusza Kusocińskiego
,J. Lennona,Johna Lennona
,J. Ligonia,Juliusza Ligonia
,J. Malczewskiego,Jacka Malczewskiego
,J. Matejki,Jana Matejki
,J. Mehoffera,Józefa Mehoffera
,J. Montwiłła,Józefa Montwiłła
,J. Ordona,Juliusza Ordona
,J. Ostromęckiego,Jerzego Ostromęckiego
,J. Paderewskiego,Ignacego Jana Paderewskiego
,J. Pisańskiego,Jerzego Pisańskiego
,J. Piłsudskiego,Józefa Piłsudskiego
,J. Poniatowskiego,Józefa Poniatowskiego
,J. Porazińskiej,Janiny Porazińskiej
,J. Przybosia,Juliana Przybosia
,J. Rogowskiego,Jana Rogowskiego
,J. S. Bacha,Jana Sebastiana Bacha
,J. Sobieskiego,Juliusza Słowackiego
,J. Sokołowskiej,Juliusza Słowackiego
,J. Sułkowskiego,Józefa Sułkowskiego
,J. Sławińskiego,Janusza Sławińskiego
,J. Słowackiego,Juliusza Słowackiego
,J. Tuwima,Jana Tuwima
,J. U. Niemcewicza,Juliana Ursyna Niemcewicza
,J. Wiśniowieckiego,Jeremiego Wiśniowieckiego
,J. Wolframa,Jana Wolframa
,J. Wybickiego,Józefa Wybickiego
,J. Z. Ptach,Jadwigi i Zofii Ptach
,J. Żurka,Jakuba Żurka
,J.H.Dąbrowskiego,Jana Henryka Dąbrowskiego
,J.M.Waisenberga,Icchaka Majera Waisenberga
,Jagiełły,Władysława Jagiełły
,Jana III Sobieskiego,Króla Jana III Sobieskiego
,Jana K. Chodkiewicza,Jana Karola Chodkiewicza
,Jana M. Rakowskiego,Jana Michała Rakowskiego
,Jana Sobieskiego,Jana III Sobieskiego
,Joachima Lelewela,Kapitana Joachima Lelewela
,Joselewicza,Berka Joselewicza
,Juliusza hr. Tarnowskiego,Hrabiego Juliusza Tarnowskiego
,Józefa I. Kraszewskiego,Józefa Ignacego Kraszewskiego
,Józefa K. Jakubowskiego,Józefa Kalasantego Jakubowskiego
,Józefa Piłsudskiego,Marszałka Józefa Piłsudskiego
,K. Baczyńskiego,Krzysztofa Kamila Baczyńskiego
,K. Ciołkowskiego,Konstantego Ciołkowskiego
,K. Darwina,Karola Darwina
,K. Gałczyńskiego,Konstantego Ildefonsa Gałczyńskiego
,K. Hoffmanowej,Klementyny Hoffmanowej
,K. I. Gałczyńskiego,Konstantego Ildefonsa Gałczyńskiego
,K. Jędrzejowskiego,Krzysztofa Jędrzejowskiego
,K. Kalinowskiego,Konstantego Kalinowskiego
,K. Kurpińskiego,Karola Kurpińskiego
,K. Miarki,Karola Miarki
,K. Michałowskiego,Kazimierza Michałowskiego
,K. Nowiny-Szczerbińskiego,Krzysztofa Nowiny-Szczerbińskiego
,K. Pułaskiego,Kazimierza Pułaskiego
,K. Sopałowicza,Kazimierza Sopałowicza
,K. Szoslanda,Kazimierza Szoslanda
,K. Szymanowskiego,Karola Szymanowskiego
,K. Wallenroda,Konrada Wallenroda
,K. Wierzyńskiego,Kazimierza Wierzyńskiego
,K. Wyki,Kazimierza Wyki
,K.C. Norwida,Cypriana Kamila Norwida
,K.I. Gałczyńskiego,Konstantego Ildefonsa Gałczyńskiego
,K.Szymanowskiego,Karola Szymanowskiego
,kadm. Włodzimierza Brunona Steyera,Kontradmirała Włodzimierza Brunona Steyera
,kadm. X. Czernickiego,Kontradmirała Xawerego Czernickiego
,Kamila Baczyńskiego,Krzysztofa Kamila Baczyńskiego
,kanc. J. Ossolińskiego,Kanclerza Jerzego Ossolińskiego
,kap. Szczepańskiego,Kapitana Alojzego Szczepańskiego
,kard. Adama Sapiehy,Kardynała Adama Sapiehy
,kard. Andrzeja Deskura,Kardynała Andrzeja Deskura
,kard. Augusta Hlonda,Kardynała Augusta Hlonda
,Kard. Bolesława Kominka,Kardynała Bolesława Kominka
,kard. Karola Wojtyły,Kardynała Karola Wojtyły
,Kard. Mariana Jaworskiego,Kardynała Mariana Jaworskiego
,Kard. Mieczysława Ledóchowskiego,Kardynała Mieczysława Ledóchowskiego
,Kard. S. Wyszyńskiego,Kardynała Stefana Wyszyńskiego
,Kard. St. Wyszyńskiego,Kardynała Stefana Wyszyńskiego
,kard. Stefana Wyszyńskiego,Kardynała Stefana Wyszyńskiego
,kard. Wyszyńskiego,Kardynała Stefana Wyszyńskiego
,Kardynała Wyszyńskiego,Kardynała Stefana Wyszyńskiego
,Karlińskiego,Kacpra Karlińskiego
,Karola Chodkiewicza,Jana Karola Chodkiewicza
,Karłowicza,Mieczysława Karłowicza
0942765,Karłowicza,Jana Karłowicza
,Kasprowicza,Jana Kasprowicza
,Kazimierza Tetmajera,Kazimierza Przerwy-Tetmajera
,Kazimierza Tetmajera-Przerwy,Kazimierza Przerwy-Tetmajera
,Kałuży,Wiktora Kałuży
,Kilińskiego,Jana Kilińskiego
,Kinga C. Gillette,Kinga Camp Gillette
,Klonowa,Aleja Klonowa
,kmdr ppor. Bogusława Krawczyka,Komandora Podporucznika Bogusława Krawczyka
,kmdr Stanisława Mieszkowskiego,Komandora Stanisława Mieszkowskiego
,kmdr. Bolesława Romanowskiego,Komandora Bolesława Romanowskiego
,kmdr. E. Szystowskiego,Komandora Edwarda Szystowskiego
,Kmdr. Kazimierza Bielawskiego,Komandora Kazimierza Bielawskiego
,kmdr. Krawczyka,Komandora Bugusława Krawczyka
,kmdr. Przybyszewskiego,Komandora Zbigniewa Przybyszewskiego
,kmdr. Sakowicza,Komandora Władysława Sakowicza
,kmdr. Tadeusza Bramińskiego,Komandora Tadeusza Bramińskiego
,kmdr. Z. Horyda,Komandora Zbigniewa Horyda
,kmdr. Zbigniewa Przybyszewskiego,Komandora Zbigniewa Przybyszewskiego
,Kmicica,Andrzeja Kmicica
,Kocha,Roberta Kocha
,Kochanowskiego,Jana Kochanowskiego
,Kol. Budniki,Kolonia Budniki
,Kol. Czarny Kąt,Kolonia Czarny Kąt
,Kol. Dukat,Kolonia Dukat
,Kol. Dziedzice,Kolonia Dziedzice
,Kol. Dłużewo,Kolonia Dłużewo
,Kol. Gocław,Kolonia Gocław
,Kol. Kaczorowo,Kolonia Kaczorowo
,Kol. Nowe Miasto,Kolonia Nowe Miasto
,Kol. Parzychy,Kolonia Parzychy
,Kol. Suchy Borek,Kolonia Suchy Borek
,Kolonia Krakowskie Przedm.,Kolonia Krakowskie Przedmieście
,Komendanta A. Czarneckiego,Komendanta Antoniego Czarneckiego
,Komonieckiego,Andrzeja Komonieckiego
,Konarskiego,Stanisława Konarskiego
,Konopnickiej,Marii Konopnickiej
,Konstantego I. Gałczyńskiego,Konstantego Ildefonsa Gałczyńskiego
,kontradm. W. Steyera,Kontradmirała Włodzimierza Steyera
,Kopernika,Mikołaja Kopernika
,Korczaka,Janusza Korczaka
,Korfantego,Wojciecha Korfantego
,Korzeniowskiego,Józefa Korzeniowskiego
,Kossaka,Wojciecha Kossaka
,Kowalczyka,Jana Kowalczyka
,Kołłątaja,Hugona Kołłątaja
0939409,Kołłątaja,Hugo Kołłątaja
,Kościuszki,Tadeusza Kościuszki
0212529,Kościuszki,Generała Tadeusza Kościuszki
,Kpl. Jana Węcławiaka,Kapelana Jana Węcławiaka
,kpr. Franciszka Matuszaka,Kaprala Franciszka Matuszaka
,kpr. Marcina Cielebana,Kaprala Marcina Cielebana
,kpr. Tomaszka,Kaprala Franciszka Tomaszka
,kpt. A. Kasztelana,Kapitana Antoniego Kasztelana
,kpt. Adama Gątkiewicza,Kapitana Adama Gątkiewicza
,kpt. Adama Walczaka,Kapitana Adama Walczaka
,kpt. Aleksandra Kunickiego,Kapitana Aleksandra Kunickiego
,kpt. Antoniego Kozłowskiego,Kapitana Antoniego Kozłowskiego
,kpt. Antoniego Ledóchowskiego,Kapitana Antoniego Ledóchowskiego
,kpt. Antoniego Szała,Kapitana Antoniego Szała
,kpt. Antoniego Szyftera,Kapitana Antoniego Szyftera
,kpt. Bednarczyka,"Kapitana Aleksandra Bednarczyka ""Adama"""
,kpt. Benedykta Pęczkowskiego,Kapitana Benedykta Pęczkowskiego
,Kpt. Bronisława Kirchnera,Kapitana Bronisława Kirchnera
,kpt. Edwarda Brydaka,Kapitana Edwarda Brydaka
,kpt. Franciszka Pogonowskiego,Kapitana Franciszka Pogonowskiego
,kpt. Franciszka Skowronka,Kapitana Franciszka Skowronka
,kpt. Franciszka Żwirki,Kapitana Franciszka Żwirki
,kpt. Hardego,Kapitana Hardego
,kpt. Henryka Boryczki,Kapitana Henryka Boryczki
,kpt. Jana Drzewieckiego,Kapitana Jana Drzewieckiego
,kpt. Jana Jabłonowskiego,Kapitana Jana Jabłonowskiego
,kpt. Jana Kuczka,Kapitana Jana Kuczka
,kpt. Jana Rogowskiego,Kapitana Jana Rogowskiego
,kpt. Jana Rybczyńskiego,Kapitana Jana Rybczyńskiego
,kpt. Jana Schrama,Kapitana Jana Schrama
,kpt. Józefa Dambek,Kapitana Józefa Dambek
,kpt. Józefa Dambka,Kapitana Józefa Dambka
,Kpt. Józefa Kurka-Halnego,Kapitana Józefa Kurka-Halnego
,Kpt. Józefa Kłopotowskiego,Kapitana Józefa Kłopotowskiego
,kpt. Józefa Sobczaka,Kapitana Józefa Sobczaka
,kpt. Józefa Szyftera,Kapitana Józefa Szyftera
,kpt. Karola Olgierda Borchardta,Kapitana Karola Olgierda Borchardta
,kpt. Karola Pniaka,Kapitana Karola Pniaka
,kpt. Kazimierza Jurkiewicza,Kapitana Kazimierza Jurkiewicza
,kpt. Kazimierza Rzaniaka,Kapitana Kazimierza Rzaniaka
,kpt. Konstantego Maciejewicza,Kapitana Konstantego Maciejewicza
,kpt. Leonida Teligi,Kapitana Leonida Teligi
,Kpt. Leopolda Janiego,Kapitana Leopolda Janiego
,kpt. Leszka Wiktorowicza,Kapitana Leszka Wiktorowicza
,kpt. Mamerta Stankiewicza,Kapitana Mamerta Stankiewicza
,kpt. Marcina Kusińskiego,Kapitana Marcina Kusińskiego
,kpt. Mieczysława Hali,Kapitana Mieczysława Hali
,kpt. Mieczysława Medweckiego,Kapitana Mieczysława Medweckiego
,kpt. Raginisa,Kapitana Władysława Raginisa
,kpt. Ryszarda Downara Zapolskiego,Kapitana Ryszarda Downara Zapolskiego
,kpt. Semika,Kapitana Tadeusza Semika
,kpt. Stanisława Betleja,Kapitana Stanisława Betleja
,kpt. Stanisława Bielickiego,Kapitana Stanisława Bielickiego
,kpt. Stanisława Brykalskiego,Kapitana Stanisława Brykalskiego
,kpt. Stanisława Konstantego Sadkowskiego,Kapitana Stanisława Konstantego Sadkowskiego
,Kpt. Stanisława Pałaca,Kapitana Stanisława Pałaca
,kpt. Stanisława Stanaszka,Kapitana Stanisława Stanaszka
,kpt. Stanisława Wiznera,Kapitana Stanisława Wiznera
,kpt. Stefana Pogonowskiego,Kapitana Stefana Pogonowskiego
,kpt. Tadeusza Doranta,Kapitana Tadeusza Doranta
,kpt. Tadeusza Fenrycha,Kapitana Tadeusza Fenrycha
,Kpt. Tadeusza Ziółkowskiego,Kapitana Tadeusza Ziółkowskiego
,kpt. Wacława Domagały Polkowskiego,Kapitana Wacława Domagały Polkowskiego
,kpt. Wichra,Kapitana Wichra
,kpt. Wilhelma Kosińskiego,Kapitana Wilhelma Kosińskiego
,Kpt. Witolda Wegnera,Kapitana Witolda Wegnera
,kpt. Władysława Raginisa,Kapitana Władysława Raginisa
,kpt. Zdzisława Mikołaja Uklei,Kapitana Zdzisława Mikołaja Uklei
,kpt. Zdzisława Pieńkawy,Kapitana Zdzisława Pieńkawy
,kpt. Zygmunta Deyczakowskiego,Kapitana Zygmunta Deyczakowskiego
,kpt. ż.w. Witolda Poinca,Kapitana Żeglugi Wielkiej Witolda Poinca
,Kr. Jadwigi,Królowej Jadwigi
,Krasickiego,Ignacego Krasickiego
0941984,Krasickiego,Jana Krasickiego
,Krasickiego Ignacego,Ignacego Krasickiego
,Krasińskiego,Zygmunta Krasińskiego
,Kraszewskiego,Józefa Ignacego Kraszewskiego
,Krzysztofa C. Mrongowiusza,Krzysztofa Celestyna Mrongowiusza
,Króla Wł. Jagiełły,Króla Władysława Jagiełły
,Króla Wł. Łokietka,Króla Władysława Łokietka
,Królowej Św. Jadwigi,Świętej Królowej Jadwigi
,ks. A. Błaszaka,Księdza Andrzeja Błaszaka
,Ks. A. Czembora,Księdza Aleksandra Czembora
,ks. A. Czerwińskiego,Księdza Andrzeja Czerwińskiego
,ks. A. Windaka,Księdza Aleksandra Windaka
,Ks. A. Wąchala,Księdza Andrzeja Wąchala
,ks. abp. Antoniego Baraniaka,Księdza Arcybiskupa Antoniego Baraniaka
,Ks. abpa Grzegorza z Sanoka,Księdza Arcybiskupa Grzegorza z Sanoka
,Ks. Adama Abramowicza,Księdza Adama Abramowicza
,ks. Adama Marczewskiego,Księdza Adama Marczewskiego
,Ks. Adama Opalskiego,Księdza Adama Opalskiego
,ks. Adama Osetka,Księdza Adama Osetka
,ks. Adama Podgórskiego,Księdza Adama Podgórskiego
,ks. Adama Staniosa,Księdza Adama Staniosa
,ks. Adolfa Chojnackiego,Księdza Adolfa Chojnackiego
,ks. Adolfa Pleszczyńskiego,Księdza Adolfa Pleszczyńskiego
,ks. Albina Blajera,Księdza Albina Blajera
,ks. Albina Potrackiego,Księdza Albina Potrackiego
,ks. Aleksandra Kupczyńskiego,Księdza Aleksandra Kupczyńskiego
,ks. Aleksandra Olszewskiego,Księdza Aleksandra Olszewskiego
,ks. Aleksandra Skowrońskiego,Księdza Aleksandra Skowrońskiego
,ks. Aleksandra Szulca,Księdza Aleksandra Szulca
,Ks. Aleksandra Tomkowida,Księdza Aleksandra Tomkowida
,ks. Alfonsa Majcherka,Księdza Alfonsa Majcherka
,ks. Alfonsa Mańkowskiego,Księdza Alfonsa Mańkowskiego
,ks. Alfonsa Mechlina,Księdza Alfonsa Mechlina
,ks. Alfonsa Schulza,Księdza Alfonsa Schulza
,ks. Alfreda Solarskiego,Księdza Alfreda Solarskiego
,Ks. Alojzego Ficka,Księdza Alojzego Ficka
,Ks. Alojzego Górnowicza,Księdza Alojzego Górnowicza
,ks. Alojzego Koziełka,Księdza Alojzego Koziełka
,ks. Alojzego Lazara,Księdza Alojzego Lazara
,ks. Alojzego Piłata,Księdza Alojzego Piłata
,ks. Alojzego Wróblewskiego,Księdza Alojzego Wróblewskiego
,ks. Alojzego Wyciślika,Księdza Alojzego Wyciślika
,ks. Amanda Droni,Księdza Amanda Droni
,Ks. Anastazego Licy,Księdza Anastazego Licy
,ks. Andrzeja Hauptmana,Księdza Andrzeja Hauptmana
,ks. Andrzeja Klimuszki,Księdza Andrzeja Klimuszki
,Ks. Andrzeja Knycza,Księdza Andrzeja Knycza
,ks. Andrzeja Lubomirskiego,Księdza Andrzeja Lubomirskiego
,ks. Andrzeja Mroczka,Księdza Andrzeja Mroczka
,ks. Andrzeja Pasterczyka,Księdza Andrzeja Pasterczyka
,ks. Andrzeja Rabija,Księdza Andrzeja Rabija
,ks. Andrzeja Łukasika,Księdza Andrzeja Łukasika
,ks. Antoniego Czeszewskiego,Księdza Antoniego Czeszewskiego
,ks. Antoniego Dunajeckiego,Księdza Antoniego Dunajeckiego
,ks. Antoniego Dziewiatowskiego,Księdza Antoniego Dziewiatowskiego
,ks. Antoniego Dziurzyńskiego,Księdza Antoniego Dziurzyńskiego
,Ks. Antoniego Graduszewskiego,Księdza Antoniego Graduszewskiego
,Ks. Antoniego Gustowskiego,Księdza Antoniego Gustowskiego
,ks. Antoniego Janusza,Księdza Antoniego Janusza
,ks. Antoniego Januszewskiego,Księdza Antoniego Januszewskiego
,ks. Antoniego Kaczmarka,Księdza Antoniego Kaczmarka
,ks. Antoniego Kamińskiego,Księdza Antoniego Kamińskiego
,ks. Antoniego Kani,Księdza Antoniego Kani
,ks. Antoniego Kanteckiego,Księdza Antoniego Kanteckiego
,ks. Antoniego Kowalkowskiego,Księdza Antoniego Kowalkowskiego
,Ks. Antoniego Kresy,Księdza Antoniego Kresy
,ks. Antoniego Lisaka,Księdza Antoniego Lisaka
,ks. Antoniego Ludwiczaka,Księdza Antoniego Ludwiczaka
,ks. Antoniego Odziomka,Księdza Antoniego Odziomka
,ks. Antoniego Owczarka,Księdza Antoniego Owczarka
,ks. Antoniego Peplińskiego,Księdza Antoniego Peplińskiego
,ks. Antoniego Piotrowskiego,Księdza Antoniego Piotrowskiego
,ks. Antoniego Podlesia,Księdza Antoniego Podlesia
,ks. Antoniego Połomskiego,Księdza Antoniego Połomskiego
,ks. Antoniego Pęksy,Księdza Antoniego Pęksy
,ks. Antoniego Rojka,Księdza Antoniego Rojka
,Ks. Antoniego Rzadkiego,Księdza Antoniego Rzadkiego
,ks. Antoniego Siudy,Księdza Antoniego Siudy
,ks. Antoniego Stabika,Księdza Antoniego Stabika
,ks. Antoniego Szlęzaka,Księdza Antoniego Szlęzaka
,ks. Antoniego Tomeczka,Księdza Antoniego Tomeczka
,ks. Antoniego Turleja,Księdza Antoniego Turleja
,ks. Antoniego Tyrakowskiego,Księdza Antoniego Tyrakowskiego
,ks. Antoniego Tyszki,Księdza Antoniego Tyszki
,ks. Antoniego Wichlińskiego,Księdza Antoniego Wichlińskiego
,ks. Antoniego Wieczorka,Księdza Antoniego Wieczorka
,Ks. Antoniego Wołka,Księdza Antoniego Wołka
,ks. Antoniego Zagańczyka,Księdza Antoniego Zagańczyka
,ks. Antoniego Śliwy,Księdza Antoniego Śliwy
,Ks. Antoniego Świadka,Księdza Antoniego Świadka
,Ks. Apolinarego Leśniewskiego,Księdza Apolinarego Leśniewskiego
,ks. Arasmusa,Księdza Antoniego Arasmusa
,Ks. Arcybiskupa Edwarda Kisiela,Księdza Arcybiskupa Edwarda Kisiela
,Ks. Augusta Szamarzewskiego,Księdza Augusta Szamarzewskiego
,ks. Augustyna Czarnowskiego,Księdza Augustyna Czarnowskiego
,ks. Augustyna Kordeckiego,Księdza Augustyna Kordeckiego
0931678,ks. Augustyna Kordeckiego,Augustyna Kordeckiego
,Ks. Augustyna Raska,Księdza Augustyna Raska
,ks. Augustyna Strzybnego,Księdza Augustyna Strzybnego
,ks. Augustyna Szamarzewskiego,Księdza Augustyna Szamarzewskiego
,Ks. B. Lewińskiego,Księdza Bolesława Lewińskiego
,ks. B. Witkowskiego,Księdza Bolesława Witkowskiego
,Ks. B. Łosińskiego,Księdza Bernarda Łosińskiego
,ks. Bagińskiego,Księdza Jana Bagińskiego
,ks. Bandurskiego,Księdza Władysława Bandurskiego
,ks. Barczewskiego,Księdza Józefa Barczewskiego
,ks. Bernarda Boruckiego,Księdza Bernarda Boruckiego
,ks. Bernarda Dembka,Księdza Bernarda Dembka
,ks. Bernarda Gończa,Księdza Bernarda Gończa
,Ks. Bernarda Macionia,Księdza Bernarda Macionia
,ks. Bernarda Sychty,Księdza Bernarda Sychty
,Ks. Bernarda Szuty,Księdza Bernarda Szuty
,ks. Białka,Księdza Stanisława Białka
,Ks. Biskupa Mieczysława Jaworskiego,Księdza Biskupa Mieczysława Jaworskiego
,ks. Blocków,Księży Blocków
,ks. Bogdana Gordona,Księdza Bogdana Gordona
,ks. Bogdana Kolinka,Księdza Bogdana Kolinka
,ks. Bogdana Szczepanika,Księdza Bogdana Szczepanika
,ks. Bolesława Domańskiego,Księdza Bolesława Domańskiego
,ks. Bolesława Jagiełłowicza,Księdza Bolesława Jagiełłowicza
,ks. Bolesława Jaśkowskiego,Księdza Bolesława Jaśkowskiego
,ks. Bolesława Puzio,Księdza Bolesława Puzio
,ks. Bolesława Szyszki,Księdza Bolesława Szyszki
,ks. Bolesława Wajzlera,Księdza Bolesława Wajzlera
,ks. Bolesława Zelka,Księdza Bolesława Zelka
,ks. Bonawentury Metlera,Księdza Bonawentury Metlera
,Ks. Borka,Księdza Franciszka Borka
,Ks. Borysiewicza,Księdza Dionizego Borysiewicza
,ks. bp Albina Małysiaka,Księdza Biskupa Albina Małysiaka
,ks. bp. Bandurskiego,Księdza Biskupa Władysława Bandurskiego
,ks. bp. Bogedaina,Księdza Biskupa Bogedaina
,ks. bp. Czesława Domina,Księdza Biskupa Czesława Domina
,ks. bp. Gołębiowskiego,Księdza Biskupa Piotra Gołębiowskiego
,ks. bp. H. Bednorza,Księdza Biskupa Herberta Bednorza
,ks. bp. Herberta Bednorza,Księdza Biskupa Herberta Bednorza
,ks. bp. Ignacego Krasickiego,Księdza Biskupa Ignacego Krasickiego
,ks. bp. Konstantyna Dominika,Księdza Biskupa Konstantyna Dominika
,ks. bp. Michała Łaszewskiego,Księdza Biskupa Michała Łaszewskiego
,ks. bp. Stanisława Kostki Łukomskiego,Księdza Biskupa Stanisława Kostki Łukomskiego
,ks. bp. Tomasza Wilczyńskiego,Księdza Biskupa Tomasza Wilczyńskiego
,ks. bp. W. Tymienieckiego,Księdza Biskupa Wincentego Tymienieckiego
,ks. bp. Władysława Miziołka,Księdza Biskupa Władysława Miziołka
,Ks. bpa Adama Naruszewicza,Księdza Biskupa Adama Naruszewicza
,ks. bpa Adriana Włodarskiego,Księdza Biskupa Adriana Włodarskiego
,ks. bpa Antoniego Betańskiego,Księdza Biskupa Antoniego Betańskiego
,Ks. bpa Arkadiusza Lisieckiego,Księdza Biskupa Arkadiusza Lisieckiego
,Ks. bpa Bernarda Bogedaina,Księdza Biskupa Bernarda Bogedaina
,ks. bpa Herberta Bednorza,Księdza Biskupa Herberta Bednorza
,ks. bpa Ignacego Krasickiego,Księdza Biskupa Ignacego Krasickiego
,ks. bpa Jana Bernarda Szlagi,Księdza Biskupa Jana Bernarda Szlagi
,Ks. bpa Józefa Gawliny,Księdza Biskupa Józefa Gawliny
,ks. bpa Miłosława Kołodziejczyka,Księdza Biskupa Miłosława Kołodziejczyka
,Ks. bpa Stanisława Adamskiego,Księdza Biskupa Stanisława Adamskiego
,Ks. bpa Teodora Kubiny,Księdza Biskupa Teodora Kubiny
,Ks. bpa Teofila Bromboszcza,Księdza Biskupa Teofila Bromboszcza
,Ks. bpa Władysława Bandurskiego,Księdza Biskupa Władysława Bandurskiego
,ks. Br. Greinerta,Księdza Bronisława Greinerta
,ks. Bronisza,Księdza Stanisława Bronisza
,ks. Bronisława Gwoździa,Księdza Bronisława Gwoździa
,ks. Bronisława Hertmanowskiego,Księdza Bronisława Hertmanowskiego
,ks. Bronisława Jakubowskiego,Księdza Bronisława Jakubowskiego
,ks. Bronisława Markiewicza,Księdza Bronisława Markiewicza
,ks. Bronisława Mieszkowskiego,Księdza Bronisława Mieszkowskiego
,ks. Bronisława Trzcińskiego,Księdza Bronisława Trzcińskiego
,ks. Bronisława Świeykowskiego,Księdza Bronisława Świeykowskiego
,ks. Brunona Aleksandra,Księdza Brunona Aleksandra
,ks. Brzóski,Księdza Stanisława Brzóski
,ks. Budzyńskiego,Księdza Józefa Budzyńskiego
,ks. Burdyna,Księdza Bernarda Burdyna
,ks. Cz. Lissowskiego,Księdza Czesława Lissowskiego
,ks. Cz. Obarskiego,Księdza Czesława Obarskiego
,ks. Czarnowskiego,Księdza Wojciecha Czarnowskiego
,ks. Czerwionki,Księdza Henryka Czerwionki
,ks. Czesława Adamaszka,Księdza Czesława Adamaszka
,ks. Czesława Brody,Księdza Czesława Brody
,ks. Czesława Chojeckiego,Księdza Czesława Chojeckiego
,ks. Czesława Klimasa,Księdza Czesława Klimasa
,ks. Czesława Oszkiela,Księdza Czesława Oszkiela
,Ks. Damiana Kominka,Księdza Damiana Kominka
,ks. Daniela Sulikowskiego,Księdza Daniela Sulikowskiego
,ks. Dobromira Ziarniaka,Księdza Dobromira Ziarniaka
,ks. Doktora Antoniego Korczoka,Księdza Doktora Antoniego Korczoka
,ks. Doktora Szramka,Księdza Doktora Emila Szramka
,Ks. Dominika Jędrzejewskiego,Księdza Dominika Jędrzejewskiego
,ks. Dominika Weszke,Księdza Dominika Weszke
,Ks. dr Antoniego Święcickiego,Księdza Doktora Antoniego Święcickiego
,Ks. dr Bernarda Sychty,Księdza doktora Bernarda Sychty
,Ks. dr Jana Dzierżona,Księdza Doktora Jana Dzierżona
,Ks. dr Leona Heyke,Księdza Doktora Leona Heyke
,Ks. dr Mariana Bednarczyka,Księdza Doktora Mariana Bednarczyka
,Ks. dr Stanisława Wilczewskiego,Księdza Doktora Stanisława Wilczewskiego
,ks. dr Tomasza Malepszego,Księdza Doktora Tomasza Malepszego
,ks. dr Wiktora Siwka,Księdza Doktora Wiktora Siwka
,ks. dr. Antoniego Korczoka,Księdza Doktora Antoniego Korczoka
,ks. dr. Bernarda Sychty,Księdza Doktora Bernarda Sychty
,ks. dr. Bolesława Domańskiego,Księdza Doktora Bolesława Domańskiego
,ks. dr. Józefa Knosały,Księdza Doktora Józefa Knosały
,ks. dr. Konrada Kelera,Księdza Doktora Konrada Kelera
,ks. dr. Stanisława Sychowskiego,Księdza Doktora Stanisława Sychowskiego
,ks. Dziekana Wawrzyńca Bochenka,Księdza Dziekana Wawrzyńca Bochenka
,ks. E. Piwonia,Księdza Emanuela Piwonia
,ks. E. Zawiszewskiego,Księdza Edwarda Zawiszewskiego
,ks. Edgara Soremby,Księdza Edgara Soremby
,Ks. Edmunda Friszke,Księdza Edmunda Friszke
,ks. Edmunda Makowskiego,Księdza Edmunda Makowskiego
,ks. Edmunda Roszczynialskiego,Księdza Edmunda Roszczynialskiego
,ks. Edmunda Szwedy,Księdza Edmunda Szwedy
,ks. Edmunda Talaśki,Księdza Edmunda Talaśki
,ks. Edwarda Junga,Księdza Edwarda Junga
,ks. Edwarda Mendego,Księdza Edwarda Mendego
,ks. Edwarda Nawrota,Księdza Edwarda Nawrota
,ks. Edwarda Tichego,Księdza Edwarda Tichego
,Ks. Eleonory Czartoryskiej,Księżnej Eleonory Czartoryskiej
,Ks. Elżbiety,Księżnej Elżbiety
,ks. Emanuela Płonki,Księdza Emanuela Płonki
,ks. Emila Szramka,Księdza Emila Szramka
,ks. Ernesta Świątka,Księdza Ernesta Świątka
,ks. Erwina Miklera,Księdza Erwina Miklera
,Ks. Eugeniusza Chylińskiego,Księdza Eugeniusza Chylińskiego
,Ks. Ewarysta Nawrowskiego,Księdza Ewarysta Nawrowskiego
,ks. F. Dobrowolskiego,Księdza Franciszka Dobrowolskiego
,ks. F. Głowienki,Księdza Feliksa Głowienki
,ks. F. Kuboszka,Księdza Franciszka Kuboszka
,ks. F. Miczka,Księdza Franciszka Miczka
,ks. Feliksa Bolta,Księdza Feliksa Bolta
,ks. Feliksa Dymnickiego,Księdza Feliksa Dymnickiego
,ks. Feliksa Katuszewskiego,Księdza Feliksa Katuszewskiego
,ks. Feliksa Piechowskiego,Księdza Feliksa Piechowskiego
,ks. Feliksa Rokity,Księdza Feliksa Rokity
,Ks. Feliksa Thokarskiego,Księdza Feliksa Thokarskiego
,Ks. Ferdynanda Machaja,Księdza Ferdynanda Machaja
,ks. Fiecka,Księdza Jana Alojzego Fiecka
,ks. Findysza,Księdza Władysława Findysza
,Ks. Florczaka,Księdza Józefa Florczaka
,ks. Fortunata Sosnowskiego,Księdza Fortunata Sosnowskiego
,ks. Fr. Bednarczyka,Księdza Franciszka Bednarczyka
,ks. Fr. Bączkowskiego,Księdza Franciszka Bączkowskiego
,Ks. Fr. Kazka,Księdza Franciszka Kazka
,Ks. Franciszka Bielińskiego,Księdza Franciszka Bielińskiego
,ks. Franciszka Blachnickiego,Księdza Franciszka Blachnickiego
,ks. Franciszka Bojdoła,Księdza Franciszka Bojdoła
,Ks. Franciszka Bosaka,Księdza Franciszka Bosaka
,ks. Franciszka Chełchowskiego,Księdza Franciszka Chełchowskiego
,ks. Franciszka Duszy,Księdza Franciszka Duszy
,ks. Franciszka Flasińskiego,Księdza Franciszka Flasińskiego
,Ks. Franciszka Gawlika,Księdza Franciszka Gawlika
,ks. Franciszka Gruczy,Księdza Franciszka Gruczy
,ks. Franciszka Górka,Księdza Franciszka Górka
,ks. Franciszka Kalinowskiego,Księdza Franciszka Kalinowskiego
,ks. Franciszka Kojdera,Księdza Franciszka Kojdera
,ks. Franciszka Koleboka,Księdza Franciszka Koleboka
,ks. Franciszka Kutrowskiego,Księdza Franciszka Kutrowskiego
,ks. Franciszka Lipki,Księdza Franciszka Lipki
,ks. Franciszka Marmo,Księdza Franciszka Marmo
,Ks. Franciszka Motylewskiego,Księdza Franciszka Motylewskiego
,Ks. Franciszka Olejniczaka,Księdza Franciszka Olejniczaka
,ks. Franciszka Olmy,Księdza Franciszka Olmy
,ks. Franciszka Pieściuka,Księdza Franciszka Pieściuka
,ks. Franciszka Przyniczyńskiego,Księdza Franciszka Przyniczyńskiego
,ks. Franciszka Pędzicha,Księdza Franciszka Pędzicha
,ks. Franciszka Robakowskiego,Księdza Franciszka Robakowskiego
,ks. Franciszka Rogaczewskiego,Księdza Franciszka Rogaczewskiego
,ks. Franciszka Rudzkiego,Księdza Franciszka Rudzkiego
,ks. Franciszka Siarczyńskiego,Księdza Franciszka Siarczyńskiego
,Ks. Franciszka Sitki,Księdza Franciszka Sitki
,ks. Franciszka Stankiewicza,Księdza Franciszka Stankiewicza
,ks. Franciszka Stopy,Księdza Franciszka Stopy
,ks. Franciszka Sudoła,Księdza Franciszka Sudoła
,ks. Franciszka Szczygłowskiego,Księdza Franciszka Szczygłowskiego
,Ks. Franciszka Szynkowskiego,Księdza Franciszka Szynkowskiego
,ks. Franciszka Wilhelma Kubsza,Księdza Franciszka Wilhelma Kubsza
,ks. Franciszka Wyciślika,Księdza Franciszka Wyciślika
,Ks. Franciszka Włodarczyka,Księdza Franciszka Włodarczyka
,Ks. Franciszka Ścigały,Księdza Franciszka Ścigały
,ks. Frosta,Księdza Zygmunta Frosta
,ks. Gajdy,Księdza Jana Gajdy
,ks. gen. Jana Brandysa,Księdza Generała Jana Brandysa
,ks. gen. Stanisława Brzóski,Księdza Generała Stanisława Brzóski
,ks. gen. W. Kiedrowskiego,Księdza Generała Witolda Kiedrowskiego
,ks. Generała Bernarda Wituckiego,Księdza Generała Bernarda Wituckiego
,ks. Gietyngiera,Księdza Ludwika Gietyngiera
,ks. Gołdasza,Księdza Stanisława Gołdasza
,ks. Gracjana Rzewuskiego,Księdza Gracjana Rzewuskiego
,ks. Grudzińskiego,Księdza Antoniego Grudzińskiego
,ks. Grzegorza Jana Zdziewojskiego,Księdza Grzegorza Jana Zdziewojskiego
,ks. Grzegorza Piramowicza,Księdza Grzegorza Piramowicza
,Ks. Grzeni,Księdza Hieronima Grzeni
,ks. Grzybowskiego,Księdza Pawła Grzybowskiego
,ks. Gustawa Łysika,Księdza Gustawa Łysika
,ks. Gąski,Księdza Gąski
,ks. Gładysza,Księdza Stanisława Kostki Gładysza
,ks. Haasa Paneckiego,Księdza Haasa Paneckiego
,Ks. Henryka Bednarczyka,Księdza Henryka Bednarczyka
,Ks. Henryka Domino,Księdza Henryka Domino
,ks. Henryka Florka,Księdza Henryka Florka
,ks. Henryka Gołka,Księdza Henryka Gołka
,ks. Henryka Jośki,Księdza Henryka Jośki
,ks. Henryka Konarskiego,Księdza Henryka Konarskiego
,ks. Henryka Mrossa,Księdza Henryka Mrossa
,ks. Henryka Ormińskiego,Księdza Henryka Ormińskiego
,ks. Henryka Oziewicza,Księdza Henryka Oziewicza
,Ks. Henryka Renka,Księdza Henryka Renka
,ks. Henryka Szumana,Księdza Henryka Szumana
,ks. Henryka Witczyka,Księdza Henryka Witczyka
,ks. Herberta Hlubka,Księdza Herberta Hlubka
,ks. Heyke,Księdza Leona Heyke
,ks. Heyki,Księdza Leona Heyki
,ks. Hieronima Gołębiewskiego,Księdza Hieronima Gołębiewskiego
,Ks. Hilarego Jastaka,Księdza Hilarego Jastaka
,ks. Huberta Szymankiewicza,Księdza Huberta Szymankiewicza
,ks. Hugo Kołłątaja,Księdza Hugona Kołłątaja
,ks. Hugona Kołłątaja,Księdza Hugona Kołłątaja
,ks. Ignacego Budzisza,Księdza Ignacego Budzisza
,ks. Ignacego Charszewskiego,Księdza Ignacego Charszewskiego
,ks. Ignacego Czechowskiego,Księdza Ignacego Czechowskiego
,Ks. Ignacego Gepperta,Księdza Ignacego Gepperta
,ks. Ignacego Jana Skorupki,Księdza Ignacego Jana Skorupki
,ks. Ignacego Krajewskiego,Księdza Ignacego Krajewskiego
,ks. Ignacego Krasickiego,Księdza Ignacego Krasickiego
,ks. Ignacego Lasockiego,Księdza Ignacego Lasockiego
,ks. Ignacego Niedźwiedzińskiego,Księdza Ignacego Niedźwiedzińskiego
,Ks. Ignacego Piwowarskiego,Księdza Ignacego Piwowarskiego
,ks. Ignacego Posadzego,Księdza Ignacego Posadzego
,Ks. Ignacego Rembowskiego,Księdza Ignacego Rembowskiego
,Ks. Ignacego Serdeckiego,Księdza Ignacego Serdeckiego
,Ks. Ignacego Siwca,Księdza Ignacego Siwca
,ks. Ignacego Skorupki,Księdza Ignacego Skorupki
0931678,ks. Ignacego Skorupki,Ignacego Skorupki
,ks. Ignacego Wierobieja,Księdza Ignacego Wierobieja
,ks. Ignacego Zonia,Księdza Ignacego Zonia
,ks. Ignacego Świeżego,Księdza Ignacego Świeżego
,ks. inf. Groszkowskiego,Księdza Infułata Alfonsa Groszkowskiego
,Ks. Inf. Henryka Guzowskiego,Księdza Infułata Henryka Guzowskiego
,ks. Infułata Teofila Ratajczaka,Księdza Infułata Teofila Ratajczaka
,ks. Iwaniuka,Księdza Józefa Iwaniuka
,ks. J. Brożka,Księdza Jana Brożka
,ks. J. Jakubiaka,Księdza Jana Jakubiaka
,ks. J. Kosibowicza,Księdza Józefa Kosibowicza
,ks. J. Kądziołki,Księdza Józefa Kądziołki
,Ks. J. L. Grajewskiego,Księdza Jana Lucjana Grajewskiego
,ks. J. Leboka,Księdza Johannesa Leboka
,ks. J. Melcza,Księdza Jana Melcza
,ks. J. Poniatowskiego,Księcia Józefa Poniatowskiego
,ks. J. Popiełuszki,Księdza Jerzego Popiełuszki
,ks. J. Twardowskiego,Księdza Jana Twardowskiego
,ks. Jacka Michalika,Księdza Jacka Michalika
,ks. Jakuba Forysiewicza,Księdza Jakuba Forysiewicza
,ks. Jakuba Jagałły,Księdza Jakuba Jagałły
,ks. Jakuba Krueńskiego,Księdza Jakuba Krueńskiego
,ks. Jakuba Mańdy,Księdza Jakuba Mańdy
,Ks. Jakuba Roczkowskiego,Księdza Jakuba Roczkowskiego
,ks. Jakuba Winiarza,Księdza Jakuba Winiarza
,ks. Jakuba Wujka,Księdza Jakuba Wujka
,ks. Jakuba Wyrwy,Księdza Jakuba Wyrwy
,ks. Jana Achtabowskiego,Księdza Jana Achtabowskiego
,ks. Jana Batke,Księdza Jana Batke
,Ks. Jana Bocheńskiego,Księdza Jana Bocheńskiego
,ks. Jana Curyłły,Księdza Jana Curyłły
,ks. Jana Czapiewskiego,Księdza Jana Czapiewskiego
,Ks. Jana Czuby,Księdza Jana Czuby
,ks. Jana Dzierżona,Księdza Jana Dzierżona
,ks. Jana Dzierżonia,Księdza Jana Dzierżonia
,Ks. Jana Długosza,Księdza Jana Długosza
,ks. Jana Ficka,Księdza Jana Ficka
,ks. Jana Frenzla,Księdza Jana Frenzla
,ks. Jana Gałeczki,Księdza Jana Gałeczki
,ks. Jana Granickiego,Księdza Jana Granickiego
,ks. Jana Hamerskiego,Księdza Jana Hamerskiego
,ks. Jana Hanowskiego,Księdza Jana Hanowskiego
,ks. Jana Hinza,Księdza Jana Hinza
,ks. Jana Ignacego Skorupki,Księdza Jana Ignacego Skorupki
,ks. Jana Kaczkowskiego,Księdza Jana Kaczkowskiego
,Ks. Jana Kajetańczyka,Księdza Jana Kajetańczyka
,ks. Jana Kani,Księdza Jana Kani
,ks. Jana Kapicy,Księdza Jana Kapicy
,ks. Jana Kobaka,Księdza Jana Kobaka
,ks. Jana Kompałły,Księdza Jana Kompałły
,ks. Jana Konopczyńskiego,Księdza Jana Konopczyńskiego
,ks. Jana Krajewskiego,Księdza Jana Krajewskiego
,ks. Jana Krzysztofa Kluka,Księdza Jana Krzysztofa Kluka
,ks. Jana Kudery,Księdza Jana Kudery
,Ks. Jana Kurka,Księdza Jana Kurka
,ks. Jana Kusia,Księdza Jana Kusia
,ks. Jana Laskowskiego,Księdza Jana Laskowskiego
,Ks. Jana Lehmanna,Księdza Jana Lehmanna
,ks. Jana Machy,Księdza Jana Machy
,ks. Jana Majdera,Księdza Jana Majdera
,ks. Jana Marka,Księdza Jana Marka
,ks. Jana Markula,Księdza Jana Markula
,Ks. Jana Mazelli,Księdza Jana Mazelli
,ks. Jana Milewskiego,Księdza Jana Milewskiego
,ks. Jana Nowaka,Księdza Jana Nowaka
,ks. Jana Nowickiego,Księdza Jana Nowickiego
,ks. Jana Nygi,Księdza Jana Nygi
,ks. Jana Osiewacza,Księdza Jana Osiewacza
,ks. Jana Pawła Siega,Księdza Jana Pawła Siega
,Ks. Jana Pawłowskiego,Księdza Jana Pawłowskiego
,ks. Jana Pelikanta,Księdza Jana Pelikanta
,ks. Jana Pojdy,Księdza Jana Pojdy
,ks. Jana Potępy,Księdza Jana Potępy
,ks. Jana Rudnickiego,Księdza Jana Rudnickiego
,Ks. Jana Rudola,Księdza Jana Rudola
,Ks. Jana Rzepki,Księdza Jana Rzepki
,Ks. Jana Rzymełki,Księdza Jana Rzymełki
,ks. Jana Rąba,Księdza Jana Rąba
,Ks. Jana Sali,Księdza Jana Sali
,ks. Jana Siwickiego,Księdza Jana Siwickiego
,ks. Jana Skiby,Księdza Jana Skiby
,ks. Jana Sobotki,Księdza Jana Sobotki
,ks. Jana Stączka,Księdza Jana Stączka
,ks. Jana Sulińskiego,Księdza Jana Sulińskiego
,ks. Jana Sygańskiego,Księdza Jana Sygańskiego
,ks. Jana Szadowskiego,Księdza Jana Szadowskiego
,Ks. Jana Szostakiewicza,Księdza Jana Szostakiewicza
,Ks. Jana Szurleja,Księdza Jana Szurleja
,ks. Jana Twardowskiego,Księdza Jana Twardowskiego
,Ks. Jana Umińskiego,Księdza Jana Umińskiego
,ks. Jana Urbaczki,Księdza Jana Urbaczki
,ks. Jana Wieczorka,Księdza Jana Wieczorka
,ks. Jana Wiśniewskiego,Księdza Jana Wiśniewskiego
,ks. Jana Zawrzyckiego,Księdza Jana Zawrzyckiego
,ks. Jana Ziei,Księdza Jana Ziei
,ks. Jana Ćwiejkowskiego,Księdza Jana Ćwiejkowskiego
,ks. Jana Śliwki,Księdza Jana Śliwki
,Ks. Jana Świtkowskiego,Księdza Jana Świtkowskiego
,Ks. Janusza Daszuty,Księdza Janusza Daszuty
,ks. Janusza Krzaka,Księdza Janusza Krzaka
,ks. Janusza Pasierba,Księdza Janusza Pasierba
,ks. Jerzego Badestinusa,Księdza Jerzego Badestinusa
,ks. Jerzego Brejzy,Księdza Jerzego Brejzy
,ks. Jerzego Musolffa,Księdza Jerzego Musolffa
,ks. Jerzego Popiełuszki,Księdza Jerzego Popiełuszki
,ks. Jerzego Trzanowskiego,Księdza Jerzego Trzanowskiego
,ks. Johannesa Chrząszcza,Księdza Johannesa Chrząszcza
,Ks. Juliana Dembińskiego,Księdza Juliana Dembińskiego
,ks. Juliana Dzionary,Księdza Juliana Dzionary
,ks. Juliana Juzy,Księdza Juliana Juzy
,ks. Juliana Zawadzińskiego,Księdza Juliana Zawadzińskiego
,ks. Jutrzenki Trzebiatowskiego,Księdza Jutrzenki Trzebiatowskiego
,ks. Józefa Abramowicza,Księdza Józefa Abramowicza
,ks. Józefa Barona,Księdza Józefa Barona
,Ks. Józefa Białki,Księdza Józefa Białki
,Ks. Józefa Bielawskiego,Księdza Józefa Bielawskiego
,ks. Józefa Blocka,Księdza Józefa Blocka
,Ks. Józefa Bryzy,Księdza Józefa Bryzy
,Ks. Józefa Cebuli,Księdza Józefa Cebuli
,ks. Józefa Chmielewskiego,Księdza Józefa Chmielewskiego
,Ks. Józefa Chodzińskiego,Księdza Józefa Chodzińskiego
,ks. Józefa Cieślika,Księdza Józefa Cieślika
,Ks. Józefa Czajkowskiego,Księdza Józefa Czajkowskiego
,ks. Józefa Czempiela,Księdza Józefa Czempiela
,ks. Józefa Czyża,Księdza Józefa Czyża
,ks. Józefa Dalaka,Księdza Józefa Dalaka
,ks. Józefa Dembieńskiego,Księdza Józefa Dembieńskiego
,ks. Józefa Domachowskiego,Księdza Józefa Domachowskiego
,ks. Józefa Dzwonka,Księdza Józefa Dzwonka
,ks. Józefa Dąbrowskiego,Księdza Józefa Dąbrowskiego
,ks. Józefa Gawrona,Księdza Józefa Gawrona
,Ks. Józefa Gerwatowskiego,Księdza Józefa Gerwatowskiego
,Ks. Józefa Górnego,Księdza Józefa Górnego
,ks. Józefa Hojoła,Księdza Józefa Hojoła
,ks. Józefa Jagły,Księdza Józefa Jagły
,Ks. Józefa Jansona,Księdza Józefa Jansona
,ks. Józefa Jałowego,Księdza Józefa Jałowego
,ks. Józefa Kampki,Księdza Józefa Kampki
,ks. Józefa Kani,Księdza Józefa Kani
,ks. Józefa Knosały,Księdza Józefa Knosały
,Ks. Józefa Krupy,Księdza Józefa Krupy
,ks. Józefa Kuropieski,Księdza Józefa Kuropieski
,ks. Józefa Kurzawskiego,Księdza Józefa Kurzawskiego
,ks. Józefa Kurzawy,Księdza Józefa Kurzawy
,ks. Józefa Kutermaka,Księdza Józefa Kutermaka
,ks. Józefa Leśniaka,Księdza Józefa Leśniaka
,ks. Józefa Londzina,Księdza Józefa Londzina
,ks. Józefa Madei,Księdza Józefa Madei
,ks. Józefa Markowskiego,Księdza Józefa Markowskiego
,Ks. Józefa Mastalerza,Księdza Józefa Mastalerza
,Ks. Józefa Mazurka,Księdza Józefa Mazurka
,ks. Józefa Odróbki,Księdza Józefa Odróbki
,Ks. Józefa Olszoka,Księdza Józefa Olszoka
,ks. Józefa Ornastowskiego,Księdza Józefa Ornastowskiego
,ks. Józefa Ożoga,Księdza Józefa Ożoga
,ks. Józefa Panasia,Księdza Józefa Panasia
,Ks. Józefa Paszoty,Księdza Józefa Paszoty
,ks. Józefa Poniatowskiego,Księcia Józefa Poniatowskiego
,ks. Józefa Przybyły,Księdza Józefa Przybyły
,ks. Józefa Rogalińskiego,Księdza Józefa Rogalińskiego
,ks. Józefa Rotty,Księdza Józefa Rotty
,ks. Józefa Rychlika,Księdza Józefa Rychlika
,ks. Józefa Sadzika,Księdza Józefa Sadzika
,ks. Józefa Schabowskiego,Księdza Józefa Schabowskiego
,ks. Józefa Schulza,Księdza Józefa Schulza
,ks. Józefa Skoczyńskiego,Księdza Józefa Skoczyńskiego
,ks. Józefa Skwiruta,Księdza Józefa Skwiruta
,ks. Józefa Sondeja,Księdza Józefa Sondeja
,ks. Józefa Sołobodowskiego,Księdza Józefa Sołobodowskiego
,ks. Józefa Stafieja,Księdza Józefa Stafieja
,ks. Józefa Stanka,Księdza Józefa Stanka
,ks. Józefa Stolarczyka,Księdza Józefa Stolarczyka
,ks. Józefa Szafranka,Księdza Józefa Szafranka
,ks. Józefa Szotowskiego,Księdza Józefa Szotowskiego
,ks. Józefa Szydzika,Księdza Józefa Szydzika
,ks. Józefa Tischnera,Księdza Józefa Tischnera
,Ks. Józefa Wajdy,Księdza Józefa Wajdy
,ks. Józefa Warszawskiego,Księdza Józefa Warszawskiego
,ks. Józefa Wierzejskiego,Księdza Józefa Wierzejskiego
,Ks. Józefa Wirmańskiego,Księdza Józefa Wirmańskiego
,ks. Józefa Wryczy,Księdza Józefa Wryczy
,ks. Józefa Zator-Przytockiego,Księdza Józefa Zator-Przytockiego
,ks. Józefa Zielińskiego,Księdza Józefa Zielińskiego
,Ks. Jędrzeja Kitowicza,Księdza Jędrzeja Kitowicza
,ks. K. R. Leszczyńskiego,Księdza Karola Rafała Leszczyńskiego
,ks. Kalinowskiego,Księdza Kazimierza Kalinowskiego
,ks. kan. Franciszka Pieli,Księdza kanonika Franciszka Pieli
,Ks. kan. Franciszka Prussa,Księdza Kanonika Franciszka Prussa
,ks. kan. Henryka Raźniewskiego,Księdza Kanonika Henryka Raźniewskiego
,ks. kan. Krzysztofa Stanowicza,Księdza Kanonika Krzysztofa Stanowicza
,ks. kan. Stanisława Sobczaka,Księdza Kanonika Stanisława Sobczaka
,ks. Kanonika Alfonsa Czwojdy,Księdza Kanonika Alfonsa Czwojdy
,ks. Kanonika Bronisława Ciesielskiego,Księdza Kanonika Bronisława Ciesielskiego
,ks. kanonika Jana Ksyckiego,Księdza Kanonika Jana Ksyckiego
,Ks. Kanonika Jana Puka,Księdza Kanonika Jana Puka
,ks. Kanonika Józefa Hawrysza,Księdza Kanonika Józefa Hawrysza
,Ks. Kanonika Mieczysława Bryczkowskiego,Księdza Kanonika Mieczysława Bryczkowskiego
,Ks. Kanonika Mieczysława Jesionka,Księdza Kanonika Mieczysława Jesionka
,ks. Kanonika Mieczysława Kozakowskiego,Księdza Kanonika Mieczysława Kozakowskiego
,ks. Kanonika Pawła Piotra Gogi,Księdza Kanonika Pawła Piotra Gogi
,Ks. Kanonika Władysława Kaźmierczaka,Księdza Kanonika Władysława Kaźmierczaka
,ks. kard. Augusta Hlonda,Księdza Kardynała Augusta Hlonda
,ks. kard. Bolesława Kominka,Księdza Kardynała Bolesława Kominka
,ks. kard. Stefana Wyszyńskiego,Księdza Kardynała Stefana Wyszyńskiego
,ks. kard. Wyszyńskiego,Księdza Kardynała Stefana Wyszyńskiego
,ks. Kardynała Augusta Hlonda,Księdza Kardynała Augusta Hlonda
,ks. kardynała Edmunda Dalbora,Księdza Kardynała Edmunda Dalbora
,ks. kardynała Karola Wojtyły,Księdza Kardynała Karola Wojtyły
,Ks. Kardynała Stefana Wyszyńskiego,Księdza Kardynała Stefana Wyszyńskiego
,ks. Kardynała Wyszyńskiego,Księdza Kardynała Stefana Wyszyńskiego
,Ks. Karola Knaperka,Księdza Karola Knaperka
,ks. Karola Koziołka,Księdza Karola Koziołka
,ks. Karola Kulisza,Księdza Karola Kulisza
,ks. Karola Szymaszka,Księdza Karola Szymaszka
,ks. Karola Wojtyły,Księdza Karola Wojtyły
,ks. Karola Śmiecha,Księdza Karola Śmiecha
,ks. Kazimierza Biernackiego,Księdza Kazimierza Biernackiego
,ks. Kazimierza Ciuby,Księdza Kazimierza Ciuby
,ks. Kazimierza Fertaka,Księdza Kazimierza Fertaka
,Ks. Kazimierza Grajewskiego,Księdza Kazimierza Grajewskiego
,ks. Kazimierza Guzego,Księdza Kazimierza Guzego
,ks. Kazimierza Józefiaka,Księdza Kazimierza Józefiaka
,ks. Kazimierza Kaczorowskiego,Księdza Kazimierza Kaczorowskiego
,ks. Kazimierza Kaszelewskiego,Księdza Kazimierza Kaszelewskiego
,ks. Kazimierza Mellera,Księdza Kazimierza Mellera
,ks. Kazimierza Narbutta,Księdza Kazimierza Narbutta
,ks. Kazimierza Niesiołowskiego,Księdza Kazimierza Niesiołowskiego
,Ks. Kazimierza Ostafińskiego,Księdza Kazimierza Ostafińskiego
,ks. Kazimierza Pausego,Księdza Kazimierza Pausego
,ks. Kazimierza Pieniążka,Księdza Kazimierza Pieniążka
,Ks. Kazimierza Soleckiego,Księdza Kazimierza Soleckiego
,ks. Kazimierza Sykulskiego,Księdza Kazimierza Sykulskiego
,ks. Kazimierza Szałwińskiego,Księdza Kazimierza Szałwińskiego
,ks. Kazimierza Szlendaka,Księdza Kazimierza Szlendaka
,ks. Kazimierza Ucieklaka,Księdza Kazimierza Ucieklaka
,ks. Kazimierza Waisa,Księdza Kazimierza Waisa
,ks. Kazimierza Waseli,Księdza Kazimierza Waseli
,ks. Kazimierza Wasiaka,Księdza Kazimierza Wasiaka
,ks. Kazimierza Łazarskiego,Księdza Kazimierza Łazarskiego
,ks. Kazimierza Świetlińskiego,Księdza Kazimierza Świetlińskiego
,ks. Kazimierza Żbikowskiego,Księdza Kazimierza Żbikowskiego
,ks. Klimasa,Księdza Czesława Klimasa
,ks. Konrada Lubińskiego,Księdza Konrada Lubińskiego
,ks. Konrada Szwedy,Księdza Konrada Szwedy
,ks. Konstantego Budkiewicza,Księdza Konstantego Budkiewicza
,ks. Konstantego Damrota,Księdza Konstantego Damrota
,ks. Konstantego Pabisiewicza,Księdza Konstantego Pabisiewicza
,ks. Konstantyna Kreffta,Księdza Konstantyna Kreffta
,ks. Kordeckiego,Księdza Augustyna Kordeckiego
,Ks. Kornackiego,Księdza Zbigniewa Kornackiego
,ks. Korzonkiewicza,Księdza Jana Korzonkiewicza
,ks. Krzysztofa Wilskiego-Ciborowicza,Księdza Krzysztofa Wilskiego-Ciborowicza
,ks. Krzysztofa Świąteckiego,Księdza Krzysztofa Świąteckiego
,ks. Ksawerego Malinowskiego,Księdza Ksawerego Malinowskiego
,ks. Ksawerego Połomskiego,Księdza Ksawerego Połomskiego
,ks. Ksawerego Szynalewskiego,Księdza Ksawerego Szynalewskiego
,Ks. Kubonia,Księdza Ernesta Kubonia
,ks. Kujawskiego,Księdza Wincentego Kujawskiego
,ks. Kujota,Księdza Stanisława Kujota
,ks. Kukli,Księdza Kukli
,Ks. Kuliga,Księdza Marka Kuliga
,ks. Kursikowskiego,Księdza Benona Jerzego Kursikowskiego
,ks. L. Raczkowskiego,Księdza Leona Raczkowskiego
,ks. Larymowicza,Księdza Krzysztofa Larymowicza
,ks. Leona Armatowskiego,Księdza Leona Armatowskiego
,Ks. Leona Heykego,Księdza Leona Heykego
,Ks. Leona Kasyny,Księdza Leona Kasyny
,ks. Leona Miszewskiego,Księdza Leona Miszewskiego
,Ks. Leona Pawłowskiego,Księdza Leona Pawłowskiego
,ks. Leona Pellowskiego,Księdza Leona Pellowskiego
,ks. Leona Pomaskiego,Księdza Leona Pomaskiego
,ks. Leona Stokowskiego,Księdza Leona Stokowskiego
,ks. Leona Stypułkowskiego,Księdza Leona Stypułkowskiego
,ks. Leszka Solakiewicza,Księdza Leszka Solakiewicza
,ks. Lubińskiego,Księdza Pawła Lubińskiego
,ks. Lucjana Antoniaka,Księdza Lucjana Antoniaka
,Ks. Ludwika Bielawskiego,Księdza Ludwika Bielawskiego
,ks. Ludwika Bojarskiego,Księdza Ludwika Bojarskiego
,ks. Ludwika Haasego,Księdza Ludwika Haasego
,ks. Ludwika Jażdżewskiego,Księdza Ludwika Jażdżewskiego
,ks. Ludwika Kojzara,Księdza Ludwika Kojzara
,ks. Ludwika Kowalskiego,Księdza Ludwika Kowalskiego
,ks. Ludwika Mizery,Księdza Ludwika Mizery
,Ks. Ludwika Muchy,Księdza Ludwika Muchy
,ks. Ludwika Ruczki,Księdza Ludwika Ruczki
,ks. Ludwika Sperczyńskiego,Księdza Ludwika Sperczyńskiego
,ks. Ludwika Warneckiego,Księdza Ludwika Warneckiego
,Ks. Ludwika Zalewskiego,Księdza Ludwika Zalewskiego
,ks. M. Bojanka,Księdza Mikołaja Bojanka
,ks. M. Oziębłowskiego,Księdza Michała Oziębłowskiego
,ks. M. Tokarzewskiego,Księdza Mariana Tokarzewskiego
,ks. Macieja Sarbiewskiego,Księdza Macieja Sarbiewskiego
,ks. Maksymiliana Brolla,Księdza Maksymiliana Brolla
,ks. Maksymiliana Grochowskiego,Księdza Maksymiliana Grochowskiego
,Ks. Maksymiliana Kolbego,Księdza Maksymiliana Kolbego
,ks. Maksymiliana Kowalczyka,Księdza Maksymiliana Kowalczyka
,ks. Maksymiliana Marii Kolbego,Księdza Maksymiliana Marii Kolbego
,Ks. Maksymiliana Senfta,Księdza Maksymiliana Senfta
,ks. Malinowskiego,Księdza Franciszka Ksawerego Malinowskiego
,ks. Marcelego Mrozka,Księdza Marcelego Mrozka
,ks. Marcelego Prawicy,Księdza Marcelego Prawicy
,ks. Marcelego Weissa,Księdza Marcelego Weissa
,ks. Marcelego Weychana,Księdza Marcelego Weychana
,Ks. Marcina Pancherza,Księdza Marcina Pancherza
,ks. Marcina Strzody,Księdza Marcina Strzody
,ks. Marcina Załuskiego,Księdza Marcina Załuskiego
,ks. Mariana Batogowskiego,Księdza Mariana Batogowskiego
,ks. Mariana Cembrowskiego,Księdza Mariana Cembrowskiego
,ks. Mariana Góreckiego,Księdza Mariana Góreckiego
,ks. Mariana Juszczyka,Księdza Mariana Juszczyka
,ks. Mariana Kubowicza,Księdza Mariana Kubowicza
,ks. Mariana Maciejewskiego,Księdza Mariana Maciejewskiego
,Ks. Mariana Śliwińskiego,Księdza Mariana Śliwińskiego
,ks. Marka Jandołowicza,Księdza Marka Jandołowicza
,ks. Marka Wróbla,Księdza Marka Wróbla
,ks. Markiewicza,Księdza Bronisława Markiewicza
,ks. Mateusza Opolskiego,Księdza Mateusza Opolskiego
,Ks. Matuszewskiego,Księdza Wincentego Matuszewskiego
,Ks. Mazurkiewicza,Księdza Piotra Mazurkiewicza
,ks. Mańkowskiego,Księdza Mańkowskiego
,ks. Merkleina,Księdza Kazimierza Merkleina
,Ks. Michalaka,Księdza Kazimierza Michalaka
,ks. Michalca,Księdza Juliana Michalca
,ks. Michała Gądka,Księdza Michała Gądka
,Ks. Michała Lewka,Księdza Michała Lewka
,ks. Michała Mostnika,Księdza Michała Mostnika
,ks. Michała Pilipca,Księdza Michała Pilipca
,Ks. Michała Rólskiego,Księdza Michała Rólskiego
,ks. Michała Sopoćki,Księdza Michała Sopoćki
,ks. Michała Słowikowskiego,Księdza Michała Słowikowskiego
,ks. Michała Wosia,Księdza Michała Wosia
,ks. Michała Woźniaka,Księdza Michała Woźniaka
,ks. Mieczysława Brodowskiego,Księdza Mieczysława Brodowskiego
,ks. Mieczysława Małynicza,Księdza Mieczysława Małynicza
,ks. Mieczysława Meissnera,Księdza Mieczysława Meissnera
,ks. Mieczysława Mądrzyka,Księdza Mieczysława Mądrzyka
,ks. Mieczysława Raczkowskiego,Księdza Mieczysława Raczkowskiego
,Ks. Mieczysława Rumińskiego,Księdza Mieczysława Rumińskiego
,Ks. Mieczysława Szostka,Księdza Mieczysława Szostka
,ks. Mieczysława Wajdy,Księdza Mieczysława Wajdy
,ks. Mieszki,Księdza Mieczysława Mieszki
,ks. Mirosława Ripeckiego,Księdza Mirosława Ripeckiego
,ks. Misia,Księdza Pawła Misia
,ks. mjr. Mateusza Zabłockiego,Księdza Majora Mateusza Zabłockiego
,ks. mjra Karola Woźniaka,Księdza Majora Karola Woźniaka
,Ks. Mrówczyńskiego,Księdza Antoniego Mrówczyńskiego
,ks. Mulawy,Księdza Antoniego Mulawy
,Ks. Muszyńskiego,Księdza Tadeusza Muszyńskiego
,ks. Nawrockiego,Księdza Telesfora Nawrockiego
,ks. Nawrowskiego,Księdza Ewarysta Nawrowskiego
,ks. Nierychlewskiego,Księdza Wojciecha Nierychlewskiego
,ks. Nikodema Masłowskiego,Księdza Nikodema Masłowskiego
,ks. Nikodema Siega,Księdza Nikodema Siega
,ks. Nogali,Księdza Teodora Nogali
,ks. Norberta Bończyka,Księdza Norberta Bończyka
,ks. Olszaka,Księdza Olszaka
,ks. Omańkowskiego,Księdza Tadeusza Omańkowskiego
,ks. Ottona Sidorowicza,Księdza Ottona Sidorowicza
,Ks. Ottona Steiera,Księdza Ottona Steiera
,Ks. Ottona Wittenberga,Księdza Ottona Wittenberga
,Ks. P. Wawrzyniaka,Księdza Piotra Wawrzyniaka
,ks. Paszkowskiego,Księdza Kanonika Włodzimierza Paszkowskiego
,ks. Pawlaka,Księdza Edwarda Pawlaka
,ks. Pawła Brandysa,Księdza Pawła Brandysa
,ks. Pawła Buhla,Księdza Pawła Buhla
,Ks. Pawła Grzybowskiego,Księdza Pawła Grzybowskiego
,ks. Pawła Hojki,Księdza Pawła Hojki
,ks. Pawła Janika,Księdza Pawła Janika
,ks. Pawła Lubiny,Księdza Pawła Lubiny
,ks. Pawła Misia,Księdza Pawła Misia
,ks. Pawła Pośpiecha,Księdza Pawła Pośpiecha
,ks. Pawła Sapeckiego,Księdza Pawła Sapeckiego
,ks. Pawła Skiby,Księdza Pawła Skiby
,ks. Pawła Skwary,Księdza Pawła Skwary
,ks. Pawła Stefańskiego,Księdza Pawła Stefańskiego
,ks. Pawła Steinmetza,Księdza Pawła Steinmetza
,ks. Piotra Bugaja,Księdza Piotra Bugaja
,Ks. Piotra Gołąba,Księdza Piotra Gołąba
,Ks. Piotra Głogowskiego,Księdza Piotra Głogowskiego
,ks. Piotra Jelinka,Księdza Piotra Jelinka
,Ks. Piotra Niezgody,Księdza Piotra Niezgody
,ks. Piotra Skargi,Księdza Piotra Skargi
,ks. Piotra Wawrzyniaka,Księdza Piotra Wawrzyniaka
,ks. Piotra Ściegiennego,Księdza Piotra Ściegiennego
,ks. Podlaszewskiego,Księdza Franciszka Podlaszewskiego
,ks. Popiełuszki,Księdza Jerzego Popiełuszki
,ks. ppłk. Józefa Wryczy,Księdza Podpułkownika Józefa Wryczy
,ks. prał. Mariana Szczęsnego,Księdza Prałata Mariana Szczęsnego
,ks. prał. Stefana Gibały,Księdza Prałata Stefana Gibały
,ks. Prałata Aleksandra Szymańskiego,Księdza Prałata Aleksandra Szymańskiego
,ks. Prałata Bernarda Gadego,Księdza Prałata Bernarda Gadego
,ks. Prałata Bolesława Bilińskiego,Księdza Prałata Bolesława Bilińskiego
,ks. prałata Czesława Majorka,Księdza Prałata Czesława Majorka
,ks. Prałata dr Hilarego Jastaka,Księdza Prałata Doktora Hilarego Jastaka
,ks. Prałata Edwarda Bielińskiego,Księdza Prałata Edwarda Bielińskiego
,Ks. prałata Edwarda Płonki,Księdza Prałata Edwarda Płonki
,ks. Prałata Franciszka Bieleckiego,Księdza Prałata Franciszka Bieleckiego
,ks. Prałata Jana Banasia,Księdza Prałata Jana Banasia
,ks. Prałata Jana Janowskiego,Księdza Prałata Jana Janowskiego
,Ks. Prałata Józefa Obrembskiego,Księdza Prałata Józefa Obrembskiego
,Ks. Prałata Kazimierza Nadstazika,Księdza Prałata Kazimierza Nadstazika
,ks. Prałata Kniołka,Księdza Prałata Zdzisława Kniołka
,ks. Prałata Konrada Szwedy,Księdza Prałata Konrada Szwedy
,ks. Prałata Michała Badowskiego,Księdza Prałata Michała Badowskiego
,ks. prałata Romualda Biniaka,Księdza Prałata Romualda Biniaka
,ks. Prałata Stanisława Słonki,Księdza Stanisława Słonki
,ks. Prałata Stefana Brylla,Księdza Prałata Stefana Brylla
,ks. Prałata Stefana Niedzielaka,Księdza Prałata Stefana Niedzielaka
,Ks. Prałata Zdzisława Skrzeka,Księdza Prałata Zdzisława Skrzeka
,Ks. Prof. Dr Jana Respądka,Księdza Profesora Doktora Jana Respądka
,Ks. Prof. Józefa Orszulika,Księdza Profesora Józefa Orszulika
,ks. prof. Józefa Tischnera,Księdza Profesora Józefa Tischnera
,ks. prof. Włodzimierza Sedlaka,Księdza Profesora Włodzimierza Sedlaka
,ks. Pronobisa,Księdza Wojciecha Pronobisa
,ks. Prym. Macieja Łubieńskiego,Księdza Prymasa Macieja Łubieńskiego
,Ks. Prym. Stefana Wyszyńskiego,Księdza Prymasa Kardynała Stefana Wyszyńskiego
,ks. Prymasa Mikołaja Dzierzgowskiego,Księdza Prymasa Mikołaja Dzierzgowskiego
,ks. Prymasa Stefana Wyszyńskiego,Księdza Prymasa Stefana Wyszyńskiego
,ks. Prymasa Wyszyńskiego,Księdza Prymasa Stefana Wyszyńskiego
,ks. Przesmyckiego,Księdza Leona Przesmyckiego
,Ks. Płaczka,Księdza Stanisława Płaczka
,ks. płk Jana Mrugacza,Księdza Pułkownika Jana Mrugacza
,ks. płk. Jana Szymały,Księdza Pułkownika Jana Szymały
,ks. płk. Józefa Jońca,Księdza Pułkownika Józefa Jońca
,ks. płk. Józefa Wrycza,Księdza Pułkownika Józefa Wryczy
,ks. płk. Tadeusza Juliana Jachimowskiego,Księdza Pułkownika Tadeusza Juliana Jachimowskiego
,ks. płk. Wryczy,Księdza Pułkownika Józefa Wryczy
,ks. Radzymińskiego,Księdza Ludgarda Radzymińskiego
,ks. Ratkowskiego,Księdza Stanisława Ratkowskiego
,Ks. Roberta Bilitewskiego,Księdza Roberta Bilitewskiego
,ks. Roberta Wallacha,Księdza Roberta Wallacha
,ks. Rogowskiego,Księdza Pawła Rogowskiego
,ks. Romana Malinowskiego,Księdza Romana Malinowskiego
,ks. Romana Tarwackiego,Księdza Romana Tarwackiego
,Ks. Romana Woźniaka,Księdza Romana Woźniaka
,ks. Romualda Jaworskiego,Księdza Romualda Jaworskiego
,ks. Romualda Żurowskiego,Księdza Romualda Żurowskiego
,Ks. Rotty,Księdza Doktora Alojzego Rotty
,ks. Rudolfa Juroszka,Księdza Rudolfa Juroszka
,ks. Rudolfa Tomanka,Księdza Rudolfa Tomanka
,Ks. Ryszarda Markwarta,Księdza Ryszarda Markwarta
,ks. S. Frelichowskiego,Księdza Stefana Frelichowskiego
,ks. S. Karczykowskiego,Księdza Stanisława Karczykowskiego
,ks. S. Wojtyłki,Księdza Stefana Wojtyłki
,Ks. Saturnina Sikorskiego,Księdza Saturnina Sikorskiego
,Ks. Sawickiego,Księdza Franciszka Sawickiego
,ks. Semraua,Księdza Józefa Semraua
,ks. Skorupki,Księdza Ignacego Jana Skorupki
,Ks. Skłodowskiego,Księdza Mariana Skłodowskiego
,ks. St. Brzóski,Księdza Stanisława Brzóski
,Ks. St. Kuranta,Księdza Stanisława Kuranta
,Ks. St. Pilitowskiego,Księdza Stanisława Pilitowskiego
,ks. St. Stoińskiego,Księdza Stanisława Stoińskiego
,ks. Staniaszko,Księdza Ignacego Staniaszko
,ks. Stanisława,Księdza Stanisława
,Ks. Stanisława Andrukiewicza,Księdza Stanisława Andrukiewicza
,ks. Stanisława Bełcha,Księdza Stanisława Bełcha
,ks. Stanisława Boreckiego,Księdza Stanisława Boreckiego
,ks. Stanisława Brzóski,Księdza Stanisława Brzóski
,ks. Stanisława Bulandy,Księdza Stanisława Bulandy
,ks. Stanisława Bójnowskiego,Księdza Stanisława Bójnowskiego
,ks. Stanisława Chudzińskiego,Księdza Stanisława Chudzińskiego
,ks. Stanisława Czapiewskiego,Księdza Stanisława Czapiewskiego
,ks. Stanisława Decowskiego,Księdza Stanisława Decowskiego
,Ks. Stanisława Gawlasa,Księdza Stanisława Gawlasa
,ks. Stanisława Goja,Księdza Stanisława Goja
,Ks. Stanisława Góreckiego,Księdza Stanisława Góreckiego
,ks. Stanisława Hartlieba,Księdza Stanisława Hartlieba
,ks. Stanisława Hoffmanna,Księdza Stanisława Hoffmanna
,Ks. Stanisława Janickiego,Księdza Stanisława Janickiego
,ks. Stanisława Konarskiego,Księdza Stanisława Konarskiego
,ks. Stanisława Koniecznego,Księdza Stanisława Koniecznego
,Ks. Stanisława Kopernika,Księdza Stanisława Kopernika
,Ks. Stanisława Korneckiego,Księdza Stanisława Korneckiego
,ks. Stanisława Kozierowskiego,Księdza Stanisława Kozierowskiego
,Ks. Stanisława Krausego,Księdza Stanisława Krausego
,ks. Stanisława Kruczka,Księdza Stanisława Kruczka
,ks. Stanisława Kujota,Księdza Stanisława Kujota
,Ks. Stanisława Kędronia,Księdza Stanisława Kędronia
,ks. Stanisława Lachowicza,Księdza Stanisława Lachowicza
,ks. Stanisława Maciąga,Księdza Stanisława Maciąga
,ks. Stanisława Malinowskiego,Księdza Stanisława Malinowskiego
,ks. Stanisława Matrasia,Księdza Stanisława Matrasia
,ks. Stanisława Michalaka,Księdza Stanisława Michalaka
,Ks. Stanisława Musiała SJ,Księdza Stanisława Musiała SJ
,ks. Stanisława Nizińskiego,Księdza Stanisława Nizińskiego
,ks. Stanisława Pasionka,Księdza Stanisława Pasionka
,ks. Stanisława Pielasy,Księdza Stanisława Pielasy
,ks. Stanisława Piotrowskiego,Księdza Stanisława Piotrowskiego
,Ks. Stanisława Potockiego,Księdza Stanisława Potockiego
,ks. Stanisława Połetka,Księdza Stanisława Połetka
,ks. Stanisława Przeździeckiego,Księdza Stanisława Przeździeckiego
,ks. Stanisława Radziejewskiego,Księdza Stanisława Radziejewskiego
,Ks. Stanisława Ruta,Księdza Stanisława Ruta
,ks. Stanisława Rymarkiewicza,Księdza Stanisława Rymarkiewicza
,ks. Stanisława Schulza,Księdza Stanisława Schulza
,ks. Stanisława Sikorskiego,Księdza Stanisława Sikorskiego
,Ks. Stanisława Sikory,Księdza Stanisława Sikory
,ks. Stanisława Staszica,Księdza Stanisława Staszica
,ks. Stanisława Stojałowskiego,Księdza Stanisława Stojałowskiego
,ks. Stanisława Streicha,Księdza Stanisława Streicha
,ks. Stanisława Stępnia,Księdza Stanisława Stępnia
,ks. Stanisława Suchowolca,Księdza Stanisława Suchowolca
,ks. Stanisława Szarafińskiego,Księdza Stanisława Szarafińskiego
,ks. Stanisława Szpetnara,Księdza Stanisława Szpetnara
,ks. Stanisława Szulmińskiego,Księdza Stanisława Szulmińskiego
,ks. Stanisława Tokarza,Księdza Stanisława Tokarza
,ks. Stanisława Ujdy,Księdza Stanisława Ujdy
,ks. Stanisława Wody,Księdza Stanisława Wody
,ks. Stanisława Zapałowskiego,Księdza Stanisława Zapałowskiego
,ks. Stanisława Zawackiego,Księdza Stanisława Zawackiego
,ks. Stanisława Żebrowskiego,Księdza Stanisława Żebrowskiego
,ks. Stanisława Żurka,Księdza Stanisława Żurka
,ks. Stanisława Żytkiewicza,Księdza Stanisława Żytkiewicza
,Ks. Stawickiego,Księdza Bolesława Stawickiego
,ks. Stefana Dubiela,Księdza Stefana Dubiela
,Ks. Stefana Farysia,Księdza Stefana Farysia
,ks. Stefana Frelichowskiego,Księdza Stefana Frelichowskiego
,Ks. Stefana Girstuna,Księdza Stefana Girstuna
,Ks. Stefana Joniaka,Księdza Stefana Joniaka
,ks. Stefana Korala,Księdza Stefana Korala
,ks. Stefana Pelca,Księdza Stefana Pelca
,ks. Stefana Popisa,Księdza Stefana Popisa
,Ks. Stefana Wincentego Frelichowskiego,Księdza Stefana Wincentego Frelichowskiego
,Ks. Stefana Wyszyńskiego,Księdza Stefana Wyszyńskiego
,ks. Stefana Zielonki,Księdza Stefana Zielonki
,ks. Stefana Łysika,Księdza Stefana Łysika
,ks. Stepczyńskiego,Księdza Kazimierza Stepczyńskiego
,ks. Stojałowskiego,Księdza Stanisława Stojałowskiego
,ks. Streicha,Księdza Stanisława Streicha
,Ks. Strugały,Księdza Franciszka Strugały
,ks. Styry,Księdza Franciszka Styry
,ks. Sudoła,Księdza Stanisława Sudoła
,ks. Sychty,Księdza Bernarda Sychty
,ks. Sylwestra Antosza,Księdza Sylwestra Antosza
,ks. Sylwestra Kończala,Księdza Sylwestra Kończala
,Ks. Sylwestra Zycha,Księdza Sylwestra Zycha
,ks. Szczepana Gracza,Księdza Szczepana Gracza
,ks. Szczepana Kellera,Księdza Szczepana Kellera
,ks. Szczepana Szydelskiego,Księdza Szczepana Szydelskiego
,ks. Szczęsnego Starkiewicza,Księdza Szczęsnego Starkiewicza
,ks. Szramka,Księdza Emila Szramka
,Ks. Szymichowskiego,Księdza Stanisława Szymichowskiego
,ks. Szymona Chodowicza,Księdza Szymona Chodowicza
,ks. T. Kuracha,Księdza Tadeusza Kuracha
,Ks. Tadeusza Borkowskiego,Księdza Tadeusza Borkowskiego
,ks. Tadeusza Ciborowskiego,Księdza Tadeusza Ciborowskiego
,ks. Tadeusza Jabłońskiego,Księdza Tadeusza Jabłońskiego
,ks. Tadeusza Jezierskiego,Księdza Tadeusza Jezierskiego
,ks. Tadeusza Kozaka,Księdza Tadeusza Kozaka
,ks. Tadeusza Leśniewicza,Księdza Tadeusza Leśniewicza
,ks. Tadeusza Michalika,Księdza Tadeusza Michalika
,ks. Tadeusza Ofiary,Księdza Tadeusza Ofiary
,ks. Tadeusza Przybylskiego,Księdza Tadeusza Przybylskiego
,Ks. Tadeusza Rojka,Księdza Tadeusza Rojka
,Ks. Tadeusza Semmerlinga,Księdza Tadeusza Semmerlinga
,Ks. Tadeusza Skarbka-Malczewskiego,Księdza Tadeusza Skarbka-Malczewskiego
,ks. Teodora Korcza,Księdza Teodora Korcza
,ks. Teodora Kwarto,Księdza Teodora Kwarto
,ks. Teodora Rogozińskiego,Księdza Teodora Rogozińskiego
,ks. Teodora Urbańskiego,Księdza Teodora Urbańskiego
,ks. Teofila Kocurka,Księdza Teofila Kocurka
,ks. Tomasza Augustynowicza,Księdza Tomasza Augustynowicza
,ks. Tomasza Mamzera,Księdza Tomasza Mamzera
,ks. Tuskera,Księdza Wilhelma Tuskera
,ks. Twardego,Księdza Marcina Twardego
,Ks. Twardowskiego,Księdza Jana Twardowskiego
,ks. W. Blocka,Księdza Wojciecha Blocka
,ks. Wacława Blizińskiego,Księdza Wacława Blizińskiego
,ks. Wacława Kuleszy,Księdza Wacława Kuleszy
,ks. Wacława Kurowskiego,Księdza Wacława Kurowskiego
,Ks. Wacława Osińskiego,Księdza Wacława Osińskiego
,Ks. Wacława Rabczyńskiego,Księdza Wacława Rabczyńskiego
,ks. Walentego Gadowskiego,Księdza Walentego Gadowskiego
,ks. Walentego Ligaja,Księdza Walentego Ligaja
,ks. Walentego Troski,Księdza Walentego Troski
,ks. Walentego Śmigielskiego,Księdza Walentego Śmigielskiego
,ks. Walerego Pogorzelskiego,Księdza Walerego Pogorzelskiego
,Ks. Walkowiaka,Księdza Ludwika Walkowiaka
,ks. Wawrzyńca Chybickiego,Księdza Wawrzyńca Chybickiego
,ks. Werbla,Księdza Kazimierza Werbla
,ks. Wielewskiego,Księdza Władysława Wielewskiego
,Ks. Wiktora Sojki,Księdza Wiktora Sojki
,ks. Wiktora Wojtka,Księdza Wiktora Wojtka
,ks. Wilka,Księdza Stanisława Wilka
,Ks. Wincentego Granata,Księdza Wincentego Granata
,ks. Wincentego Rudy,Księdza Wincentego Rudy
,ks. Wincentego Smoczyńskiego,Księdza Wincentego Smoczyńskiego
,Ks. Wincentego Tomaszewskiego,Księdza Wincentego Tomaszewskiego
,Ks. Witaszka,Księdza Kornela Witaszka
,ks. Witolda Balukiewicza,Księdza Witolda Balukiewicza
,Ks. Witolda Pietkuna,Księdza Witolda Pietkuna
,ks. Wojciecha Blajera,Księdza Wojciecha Blajera
,Ks. Wojciecha Kani,Księdza Wojciecha Kani
,ks. Wojciecha Kruka,Księdza Wojciecha Kruka
,ks. Wojciecha Kęsickiego,Księdza Wojciecha Kęsickiego
,ks. Wojciecha Liberskiego,Księdza Wojciecha Liberskiego
,ks. Wojciecha Sierakowskiego,Księdza Wojciecha Sierakowskiego
,Ks. Wojciecha Zinka,Księdza Wojciecha Zinka
,ks. Wryczy,Księdza Józefa Wryczy
,Ks. Wujka,Księdza Jakuba Wujka
,ks. Węgrzynowskiego,Księdza Stanisława Węgrzynowskiego
,ks. Wł. Skonieckiego,Księdza Włodzimierza Skonieckiego
,ks. Władysława Bargieła,Księdza Władysława Bargieła
,ks. Władysława Bukowińskiego,Księdza Władysława Bukowińskiego
,ks. Władysława Curzydły,Księdza Władysława Curzydły
,ks. Władysława Czerwińskiego,Księdza Władysława Czerwińskiego
,ks. Władysława Demskiego,Księdza Władysława Demskiego
,ks. Władysława Gurgacza,Księdza Władysława Gurgacza
,Ks. Władysława Korpikiewicza,Księdza Władysława Korpikiewicza
,ks. Władysława Kuca,Księdza Władysława Kuca
,Ks. Władysława Landowskiego,Księdza Władysława Landowskiego
,Ks. Władysława Mendrali,Księdza Władysława Mendrali
,ks. Władysława Mączkowskiego,Księdza Władysława Mączkowskiego
,ks. Władysława Młyńskiego,Księdza Władysława Młyńskiego
,ks. Władysława Purzyckiego,Księdza Władysława Purzyckiego
,Ks. Władysława Rosłana,Księdza Władysława Rosłana
,ks. Władysława Sarny,Księdza Władysława Sarny
,Ks. Władysława Siarkowskiego,Księdza Władysława Siarkowskiego
,ks. Władysława Sitki,Księdza Władysława Sitki
,ks. Władysława Skierkowskiego,Księdza Władysława Skierkowskiego
,ks. Władysława Szeremeta,Księdza Władysława Szeremeta
,Ks. Władysława Szubargi,Księdza Władysława Szubargi
,ks. Władysława Szypuły,Księdza Władysława Szypuły
,ks. Władysława Walczewskiego,Księdza Władysława Walczewskiego
,Ks. Władysława Wróblewskiego,Księdza Władysława Wróblewskiego
,Ks. Władysława Łęgi,Księdza Władysława Łęgi
,Ks. Władysława Żaboklickiego,Księdza Władysława Żaboklickiego
,ks. Włodzimierza Sedlaka,Księdza Włodzimierza Sedlaka
,ks. Z. Szulca,Księdza Zygmunta Szulca
,ks. Z. Trybowskiego,Księdza Zygmunta Trybowskiego
,ks. Z. Tynieckiego,Księdza Zygmunta Tynieckiego
,ks. Z. Ziętarskiego,Księdza Zygfryda Ziętarskiego
,ks. Zagańczyka,Księdza Antoniego Zagańczyka
,ks. Zakulskiego,Księdza Wojciecha Zakulskiego
,ks. Zapałowskiego,Księdza Tadeusza Zapałowskiego
,ks. Zbigniewa Krzewiny,Księdza Zbigniewa Krzewiny
,ks. Zdzisława Bernata,Księdza Zdzisława Bernata
,ks. Zdzisława Dzidka,Księdza Zdzisława Dzidka
,ks. Zdzisława Peszkowskiego,Księdza Zdzisława Peszkowskiego
,ks. Zdzisława Sobierajskiego,Księdza Zdzisława Sobierajskiego
,Ks. Zenona Willi,Księdza Zenona Willi
,ks. Zygmunta Abramskiego,Księdza Zygmunta Abramskiego
,ks. Zygmunta Adamczewskiego,Księdza Zygmunta Adamczewskiego
,ks. Zygmunta Gorazdowskiego,Księdza Zygmunta Gorazdowskiego
,ks. Zygmunta Hundsdorfa,Księdza Zygmunta Hundsdorfa
,ks. Zygmunta Kuźmy,Księdza Zygmunta Kuźmy
,Ks. Zygmunta Malińskiego,Księdza Zygmunta Malińskiego
,Ks. Zygmunta Repińskiego,Księdza Zygmunta Repińskiego
,Ks. Zygmunta Trelli,Księdza Zygmunta Trelli
,Ks. Zygmunta Trybowskiego,Księdza Zygmunta Trybowskiego
,ks. Ściegiennego,Księdza Piotra Ściegiennego
,ks. Śmigockiego,Księdza Franciszka Śmigockiego
,ks. Żydka,Księdza Edmunda Żydka
,Ks.A. Kordeckiego,Księdza Augustyna Kordeckiego
,Ks.Antoniego Wolszlegera,Księdza Antoniego Wolszlegera
,Ks.J.St. Pasierba,Księdza Janusza Stanisława Pasierba
,Ks.Kan.E.Sierbińskiego,Księdza Kanonika Eugeniusza Sierbińskiego
,ks.kanonika Kazimierza Wencla,Księdza Kanonika Kazimierza Wencla
,Ks.Mariana Magnuszewskiego,Księdza Mariana Magnuszewskiego
,Ks.Mjr Franciszka Dymarskiego,Księdza Majora Franciszka Dymarskiego
,Ks.P.Dunajskiego,Księdza Piotra Dunajskiego
,ks.płk. Józefa Balcerczyka,Księdza Pułkownika Józefa Balcerczyka
,Ks.Z.J. Trzebiatowskiego,Księdza Zbigniewa Jutrzenka Trzebiatowskiego
,Ks.Ściegiennego,Księdza Piotra Ściegiennego
,Księdza Dziekana Józefa Pułki,Księdza Józefa Pułki
,Księdza Gregora,Księdza Józefa Gregora
,Księdza Janika,Księdza Pawła Janika
,Księdza Marszałka,Księdza Jana Marszałka
,Księdza Muznerowskiego,Księdza Stanisława Muznerowskiego
,Księdza Nowaka,Księdza Jana Nowaka
0213960,Księdza Pojdy,Księdza Jana Pojdy
0939409,Księdza Pojdy,Księdza Adolfa Pojdy
,Księdza Prałata Piotrowskiego,Księdza Prałata Józefa Piotrowskiego
,Księdza Stojałowskiego,Księdza Stanisława Stojałowskiego
,Księdza Ściegiennego,Piotra Ściegiennego
,Kudak- Skit śww. Antoniego i Teodozjusza,Skit Świętych Antoniego i Teodozjusza
,Kuhna,Kazimierza Kühna
,Kusocińskiego,Janusza Kusocińskiego
,Kś. Pawła Kontnego,Księdza Pawła Kontnego
,Kś. Tadeusza Chrobaka,Księdza Tadeusza Chrobaka
,L. Beethovena,Ludwika van Beethovena
,L. Heyke,Leona Heyke
,L. Kiszmanowicza,Leona Kiszmanowicza
,L. Solskiego,Ludwika Solskiego
,L. Staffa,Leopolda Staffa
,L. Teligi,Leonida Teligi
,L. Waryńskiego,Ludwika Waryńskiego
,L. Zamenhofa,Ludwika Zamenhofa
,L. Zondka,Lecha Zondka
,Leśmiana,Bolesława Leśmiana
,Ligonia,Juliusza Ligonia
,Lompy,Józefa Lompy
,Ludw. Waryńskiego,Ludwika Waryńskiego
,Ludwika Mierosławskiego,Generała Ludwika Mierosławskiego
,M. Bałuckiego,Michała Bałuckiego
,M. Bogusza,Mariana Bogusza
,M. C. Skłodowskiej,Marii Skłodowskiej-Curie
,M. Curie-Skłodowskiej,Marii Skłodowskiej-Curie
,M. Drzymały,Michała Drzymały
,M. Dąbrowskiej,Marii Dąbrowskiej
,M. Gogola,Mikołaja Gogola
,M. Grażyńskiego,Michała Grażyńskiego
,M. Hillar,Małgorzaty Hillar
,M. Hłaski,Marka Hłaski
,M. Kajki,Michała Kajki
,M. Karłowicza,Mieczysława Karłowicza
,M. Kolbe,Maksymiliana Kolbe
,M. Konopnickiej,Marii Konopnickiej
,M. Kopernika,Mikołaja Kopernika
,M. Langiewicza,Mariana Langiewicza
,M. Ogińskiego,Michała Kleofasa Ogińskiego
,M. Płażyńskiego,Macieja Płażyńskiego
,M. Rataja,Macieja Rataja
,M. Reja,Mikołaja Reja
,M. Rodziewiczówny,Marii Rodziewiczówny
,M. Skłodowskiej,Marii Skłodowskiej-Curie
,M. Skłodowskiej-Curie,Marii Skłodowskiej-Curie
,M. Wańkowicza,Melchiora Wańkowicza
,M.C. Skłodowskiej,Marii Skłodowskiej-Curie
,M.C.Skłodowskiej,Marii Skłodowskiej-Curie
,M.Dąbrowskiej,Marii Dąbrowskiej
,M.Konopnickiej,Marii Konopnickiej
,M.Pawlikowskiej-Jasnorzewskiej,Marii Pawlikowskiej-Jasnorzewskiej
,Majakowskiego,Włodzimierza Majakowskiego
,Makuszyńskiego,Kornela Makuszyńskiego
,Mariana A. Jonkajtysa,Mariana Jonkajtysa
,Marii Curie Skłodowskiej,Marii Skłodowskiej-Curie
,Marii Curie-Skłodowskiej,Marii Skłodowskiej-Curie
,Marka Fr. Modrzyka,Marka Franciszka Modrzyka
,Marksa,Andrzeja Marksa
,Markwioka,Józefa Markwioka
,marsz. Ferdynanda Focha,Marszałka Ferdynanda Focha
,marsz. Focha,Marszałka Ferdynanda Focha
,Marsz. J. Piłsudskiego,Marszałka Józefa Piłsudskiego
,marsz. Józefa Piłsudskiego,Marszałka Józefa Piłsudskiego
,Marszałka J. Piłsudskiego,Marszałka Józefa Piłsudskiego
,marszałka Józefa Piłsudskiego,Marszałka Józefa Piłsudskiego
,Marszałka Piłsudskiego,Marszałka Józefa Piłsudskiego
,Marynarzy 1. Batalionu Pułku Morskiego,Marynarzy 1 Batalionu Pułku Morskiego
,Matejki,Jana Matejki
,Miarki,Karola Miarki
,Mickiewicza,Adama Mickiewicza
,Mielęckiego,Andrzeja Mielęckiego
,mjr AK S. Gądzio-Kos,Majora AK Stefana Gądzio-Kos
,mjr Dobrzańskiego,Majora Dobrzańskiego
,mjr Feliksa Kozubowskiego,Majora Feliksa Kozubowskiego
,mjr H. Sucharskiego,Majora Henryka Sucharskiego
,mjr H.Sucharskiego,Majora Henryka Sucharskiego
,mjr Henryka Dobrzańskiego,Majora Henryka Dobrzańskiego
,Mjr Henryka Hubala-Dobrzańskiego,Majora Henryka Hubala-Dobrzańskiego
,mjr Henryka Sucharskiego,Majora Henryka Sucharskiego
0249917,mjr Hubala,Majora Hubala
0630244,mjr Hubala,Majora Henryka Hubala-Dobrzańskiego
0930696,mjr Hubala,"Majora Henryka Dobrzańskiego ""Hubala"""
0954165,Mjr Hubala,Majora Henryka Hubala
0975285,mjr Hubala,"Majora Henryka Dobrzańskiego ""Hubala"""
0981133,mjr Hubala,Majora Hubala
,Mjr Jana Piwnika-Ponurego,Majora Jana Piwnika-Ponurego
,mjr Jana Żychonia,Majora Jana Żychonia
,mjr Kazimierza Czarkowskiego,Majora Kazimierza Czarkowskiego
,mjr Mariana Gołębiewskiego,Majora Mariana Gołębiewskiego
,mjr Mieczysława Malinowskiego,Majora Mieczysława Malinowskiego
,Mjr Mieczysława Słabego,Majora Mieczysława Słabego
,mjr Nurta,Majora Nurta
,mjr Sucharskiego,Majora Henryka Sucharskiego
,mjr T. Kuncewicza,Majora Tadeusza Kuncewicza
,Mjr Zbigniewa Gorzeńskiego,Majora Zbigniewa Gorzeńskiego
,mjr. Antoniego Maszewskiego,Majora Antoniego Maszewskiego
,mjr. Antoniego Miszewskiego,Majora Antoniego Miszewskiego
,mjr. Bacy,Majora Bacy
,mjr. Bolesława Zagórnego,Majora Bolesława Zagórnego
,mjr. Brunona Janasa,Majora Brunona Janasa
,Mjr. Dobrzańskiego,Majora Henryka Dobrzańskiego
,mjr. Eborowicza,Majora Jerzego Eborowicza
,mjr. Edwarda Ziółkowskiego,Majora Edwarda Ziółkowskiego
,mjr. H. Sucharskiego,Majora Henryka Sucharskiego
,mjr. Henryka Dobrzańskiego,Majora Henryka Dobrzańskiego
,mjr. Henryka Dobrzańskiego-Hubala,"Majora Henryka Dobrzańskiego ""Hubala"""
,mjr. Henryka Hubala-Dobrzańskiego,"Majora Henryka Dobrzańskiego ""Hubala"""
,mjr. Henryka Sucharskiego,Majora Henryka Sucharskiego
,mjr. Hieronima Dekutowskiego,Majora Hieronima Dekutowskiego
,mjr. Hubala,"Majora Henryka Dobrzańskiego ""Hubala"""
,mjr. Jabłkowskiego,Majora Ludwika Jabłkowskiego
,mjr. Jacka Decowskiego,Majora Jacka Decowskiego
,mjr. Jana Henryka Żychonia,Majora Jana Henryka Żychonia
,mjr. Jana Piwnika,Majora Jana Piwnika
,mjr. Jana Piwnika-Ponurego,"Majora Jana Piwnika ""Ponurego"""
,mjr. Jana Tabortowskiego,Majora Jana Tabortowskiego
,mjr. Jerzego Grobickiego,Majora Jerzego Grobickiego
,mjr. Jerzego Iszkowskiego,Majora Jerzego Iszkowskiego
,mjr. Józefa Grussa,Majora Józefa Grussa
,mjr. Józefa Sikory,Majora Józefa Sikory
,mjr. Kirkora,Majora Stanisława Kirkora
,mjr. Leona Będkowskiego,Majora Leona Będkowskiego
,mjr. Ludwika Idzikowskiego,Majora Ludwika Idzikowskiego
,mjr. Mieczysława Słabego,Majora Mieczysława Słabego
,mjr. Mieczysława Tarchalskiego,Majora Mieczysława Tarchalskiego
,mjr. pil. Antoniego Tomiczka,Majora Pilota Antoniego Tomiczka
,mjr. pil. Jana Czernego,Majora Pilota Jana Czernego
,mjr. Piotra Iwanowicza Rogozina,Majora Piotra Iwanowicza Rogozina
,mjr. Piotra Szewczyka,Majora Piotra Szewczyka
,mjr. Romana Bielawskiego,Majora Romana Bielawskiego
,mjr. Skowrona,Majora Ignacego Skowrona
,mjr. Stanisława Bilmina,Majora Stanisława Bilmina
,mjr. Stanisława Knapika,Majora Stanisława Knapika
,Mjr. Stefana Waltera,Majora Stefana Waltera
,mjr. Sucharskiego,Majora Henryka Sucharskiego
,mjr. Tadeusza Furgalskiego,Majora Tadeusza Furgalskiego
,mjr. Tumanowicza Waleriana,Majora Tumanowicza Waleriana
,mjr. Wacława Kryńskiego,Majora Wacława Kryńskiego
,mjr. Władysława Mażewskiego,Majora Władysława Mażewskiego
,mjr. Władysława Mizikowskiego,Majora Władysława Mizikowskiego
,mjr. Władysława Raginisa,Majora Władysława Raginisa
,Mjr. Władysława Starzyka,Majora Władysława Starzyka
,mjr. Władysława Wleklińskiego,Majora Władysława Wleklińskiego
,mjr. Włodzimierza Łączyńskiego,Majora Włodzimierza Łączyńskiego
,Mjr.Hubala,Majora Hubala
,mjra Henryka Sucharskiego,Majora Henryka Sucharskiego
0949833,mjra Hubala,Majora Hubala
0968300,mjra Hubala,Majora Hubala
0971672,Mjra Hubala,Majora Henryka Hubala
0973346,mjra Hubala,Majora Henryka Hubala
,Moniuszki,Stanisława Moniuszki
,Morcinka,Gustawa Morcinka
,Mozarta,Wolfganga Amadeusza Mozarta
,Narutowicza,Gabriela Narutowicza
,Nałkowskiej,Zofii Nałkowskiej
,Niemcewicza,Juliana Ursyna Niemcewicza
,Norwida,Cypriana Kamila Norwida
,Nowowiejskiego,Feliksa Nowowiejskiego
,Nowy Kisielin-A. Syrkiewicza,Nowy Kisielin-Aleksandra Syrkiewicza
,Nowy Kisielin-A. Wysockiego,Nowy Kisielin-Antoniego Wysockiego
,O. A. Małkowskich,Olgi i Andrzeja Małkowskich
,O. Adama F. Studzińskiego,Ojca Adama Studzińskiego
,o. Artura Zapaśnika,Ojca Artura Zapaśnika
,o. Augustyna Kordeckiego,Ojca Augustyna Kordeckiego
,o. Czesława Domańskiego,Ojca Czesława Domańskiego
,o. Damiana Stachowicza,Ojca Damiana Stachowicza
,o. Dominika ze Skorogoszczy,Ojca Dominika ze Skorogoszczy
,o. Edwarda Frankiewicza,Ojca Edwarda Frankiewicza
,o. Feliksa Kosa,Ojca Feliksa Kosa
,o. Franciszka Kaweckiego,Ojca Franciszka Kaweckiego
,o. Henryka Henkla,Ojca Henryka Henkla
,O. Hieronima Longawy,Ojca Hieronima Longawy
,o. Honoriusza Kowalczyka,Ojca Honoriusza Kowalczyka
,o. Ignacego Cieślaka,Ojca Ignacego Cieślaka
,o. Jana Siemińskiego,Ojca Jana Siemińskiego
,o. Józefa Czaplaka,Ojca Józefa Czaplaka
,o. Józefa Frassinettiego,Ojca Józefa Frassinettiego
,O. M. Kolbe,Ojca Maksymiliana Kolbe
,o. Maksymiliana,Ojca Maksymiliana
,o. Maksymiliana Kolbego,Maksymiliana Marii Kolbego
,o. Maksymiliana Marii Kolbe,Ojca Maksymiliana Marii Kolbe
,o. Mariana Żelazka,Ojca Mariana Żelazka
,o. Papczyńskiego,Ojca Stanisława Papczyńskiego
,o. Pawła Smolikowskiego,Ojca Pawła Smolikowskiego
,o. Pio,Ojca Pio
,o. Stanisława Dziwoty,Ojca Stanisława Dziwoty
,o. Władysława Włodyki,Ojca Władysława Włodyki
,Obrońców Płocka 1920 r.,Obrońców Płocka 1920 roku
,Obrońców z 1939 r.,Obrońców z 1939 roku
,Ochla-J. I. Kraszewskiego,Ochla-Józefa Ignacego Kraszewskiego
,Ochla-Ks. Wł. Terlikowskiego,Ochla-Księdza Władysława Terlikowskiego
,Ochla-Pl. B. Błyskoszowej,Ochla-Plac Bogusławy Błyskoszowej
,Ochla-Wł. i St. Grabowskich,Ochla-Władysława i Stanisława Grabowskich
,Ochla-Św. Huberta,Ochla-Świętego Huberta
,Ochla-Św. Jadwigi Śląskiej,Ochla-Świętej Jadwigi Śląskiej
,Ofiar Grudnia 1970 r.,Ofiar Grudnia 1970 roku
,Ojca św. Jana Pawła II,Ojca Świętego Jana Pawła II
,Okrzei Stefana,Stefana Okrzei
,Orzeszkowej,Elizy Orzeszkowej
,Os. 1000-lecia,Osiedle 1000-lecia
,Os. Chemików,Osiedle Chemików
,os. Graby,Osiedle Graby
,Os. im. Juliana Bartoszewicza,Osiedle Juliana Bartoszewicza
,Os. Kamieniec,Osiedle Kamieniec
,Os. Kamionki,Osiedle Kamionki
,os. Lubowiec,Osiedle Lubowiec
,Os. Mylin Południowy,Osiedle Mylin Południowy
,os. Sikora,Osiedle Sikora
,Os. Słoneczne,Osiedle Słoneczne
,os. Wojskowe,Osiedle Wojskowe
,Os. Zalesie,Osiedle Zalesie
,osiedle 700-lecia Żor,Osiedle 700-lecia Żor
,osiedle A. B. Ciechańskiego,Osiedle Adama Bronisława Ciechańskiego
,osiedle Beskid,Beskid
,osiedle Czyrna,Czyrna
,Osiedle Dr. Franciszka Raszei,Osiedle Doktora Franciszka Raszei
,Osiedle dr. Józefa Putka,Osiedle Doktora Józefa Putka
,Osiedle gen. Józefa Bema,Osiedle Generała Józefa Bema
,Osiedle Gen. Józefa Hallera,Osiedle Generała Józefa Hallera
,Osiedle gen. Józefa Wybickiego,Osiedle Generała Józefa Wybickiego
,osiedle gen. Stanisława Maczka,Osiedle Generała Stanisława Maczka
,Osiedle Gen. W. Sikorskiego,Osiedle Generała Władysława Sikorskiego
,Osiedle gen. Wł. Sikorskiego,Osiedle Generała Władysława Sikorskiego
,Osiedle gen. Władysława Sikorskiego,Osiedle Generała Władysława Sikorskiego
,Osiedle Generała Władysł.Sikorskiego,Osiedle Generała Władysława Sikorskiego
,osiedle Górne Głębce,Górne Głębce
,Osiedle im. Armii Krajowej,Osiedle Armii Krajowej
,Osiedle im. Bronisława Juźkowa,Osiedle Bronisława Juźkowa
,osiedle im. Franciszka Brzezińskiego,Osiedle Franciszka Brzezińskiego
,osiedle im. gen. Władysława Sikorskiego,Osiedle Generała Władysława Sikorskiego
,Osiedle im. Generała Kazimierza Pułaskiego,Osiedle imienia Generała Kazimierza Pułaskiego
,Osiedle im. Ignacego Krasickiego,Osiedle Ignacego Krasickiego
,osiedle im. Jana Pawła II,Osiedle Jana Pawła II
,Osiedle im. Kardynała Stefana Wyszyńskiego,Osiedle Kardynała Stefana Wyszyńskiego
,Osiedle im. Księdza Ryszarda Kulika,Osiedle Księdza Ryszarda Kulika
,osiedle im. Mikołaja Kopernika,Osiedle Mikołaja Kopernika
,Osiedle im. Waleriana Kalinki,Osiedle Waleriana Kalinki
,Osiedle im. Wincentego Witosa,Osiedle Wincentego Witosa
,Osiedle im. Wojska Polskiego,Osiedle Wojska Polskiego
,Osiedle im. Władysława Jagiełły,Osiedle Władysława Jagiełły
,Osiedle J. Dambka,Osiedle Józefa Dambka
,osiedle Jarzębata,Jarzębata
,osiedle Jurzyków,Jurzyków
,osiedle kard. Stefana Wyszyńskiego,Osiedle Kardynała Stefana Wyszyńskiego
,Osiedle Kopernika,Osiedle Mikołaja Kopernika
,osiedle Korfantego,Osiedle Korfantego
,osiedle Kozińce,Kozińce
,Osiedle kpt. M. Bartscha,Osiedle Kapitana Maksymiliana Bartscha
,osiedle ks. Bolesława Domańskiego,Osiedle Księdza Bolesława Domańskiego
,Osiedle ks. Franciszka Czaplińskiego,Osiedle Księdza Franciszka Czaplińskiego
,Osiedle ks. Henryka Szumana,Osiedle Księdza Henryka Szumana
,Osiedle Ks. kan. Stanisława Peplińskiego,Osiedle Księdza Kanonika Stanisława Peplińskiego
,Osiedle Ks. Kazimierza Raepke,Osiedle Księdza Kazimierza Raepke
,Osiedle ks. Pisulli,Osiedle Księdza Franciszka Pisulli
,Osiedle Ks. Wacława Kusztelaka,Osiedle Księdza Wacława Kusztelaka
,osiedle Księcia Władysława,Osiedle Księcia Władysława
,osiedle marsz. Józefa Piłsudskiego,Osiedle Marszałka Józefa Piłsudskiego
,osiedle mjr. Hubala,Osiedle Majora Hubala
,Osiedle na Wzgórzu,Osiedle Na Wzgórzu
,osiedle Pawlikowskiego,Osiedle Władysława Pawlikowskiego
,osiedle Powstańców Śląskich,Osiedle Powstańców Śląskich
,osiedle Sikorskiego,Osiedle Władysława Sikorskiego
,osiedle Tokarnia,Tokarnia
,osiedle Uścieńków,Uścieńków
,osiedle Wróblonki,Wróblonki
,Osiedle Św. Krzysztofa,Osiedle Świętego Krzysztofa
,Oś. Kwiatowe,Osiedle Kwiatowe
,P. C. K.,PCK
,P. Czajkowskiego,Piotra Czajkowskiego
,P. Gojawiczyńskiej,Poli Gojawiczyńskiej
,P. J. Działyńskiego,Pawła Jana Działyńskiego
,P. Krupińskiego,Piotra Krupińskiego
,P. O. W.,Polskiej Organizacji Wojskowej
,P. Skargi,Piotra Skargi
0940163,P. Skargi,Księdza Piotra Skargi
,P.C.K.,PCK
,P.por. Emilii Gierczak,Podporucznik Emilii Gierczak
,Paderewskiego,Ignacego Paderewskiego
0140675,Paderewskiego,Ignacego Jana Paderewskiego
,Park Sportowy im. dra Juliana Zawadowskiego,Park Sportowy imienia Doktora Juliana Zawadowskiego
,Pasaż im. Wacława Duplickiego,Pasaż imienia Wacława Duplickiego
,Pawła E. Strzeleckiego,Pawła Edmunda Strzeleckiego
,Pawła J. Sapiehy,Pawła Jana Sapiehy
,Pierchały,Józefa Pierchały
,Piontka,Józefa Piontka
,Piotra Norblina,Jana Piotra Norblina
,Piotra Ściegiennego,Księdza Piotra Ściegiennego
,Piłsudskiego,Józefa Piłsudskiego
,Piłsudskiego Józefa,Józefa Piłsudskiego
,Pl. 15 Stycznia,Plac 15 Stycznia
,Pl. Fryderyka Chopina,Plac Fryderyka Chopina
,Pl. Kardynała Wyszyńskiego,Plac Kardynała Stefana Wyszyńskiego
,Pl. Kościeleckich,Plac Kościeleckich
,Pl. Kościuszki,Plac Tadeusza Kościuszki
,Pl. M. Reja,Plac Mikołaja Reja
,Pl. Michała Kościeszy Kosmowskiego,Plac Michała Kościeszy-Kosmowskiego
,Pl. Młyński,Plac Młyński
,Pl. Sowińskiego,Plac Józefa Sowińskiego
,Pl. T. Kościuszki,Plac Tadeusza Kościuszki
,pl. Tadeusza Kościuszki,Plac Tadeusza Kościuszki
,Pl. Wazów,Plac Wazów
,Pl. Winniczny,Plac Winniczny
,pl. Wolności,Plac Wolności
,Pl. Zwycięstwa,Plac Zwycięstwa
,Pl. Św. Wojciecha,Plac Świętego Wojciecha
,plac 9 Września 1939r.,Plac 9 września 1939 roku
,Plac A. Mickiewicza,Plac Adama Mickiewicza
,plac Armii Krajowej,Plac Armii Krajowej
,plac Bohaterów Getta,Plac Bohaterów Getta
,Plac Bł. Ks. Michała Sopoćki,Plac Błogosławionego Księdza Michała Sopoćki
,plac Chopina,Plac Fryderyka Chopina
,Plac dr. Józefa Rostka,Plac Doktora Józefa Rostka
,plac Dr. Rydygiera,Plac Doktora Ludwika Rydygiera
,plac Dworcowy,Plac Dworcowy
,Plac Franklina D. Roosevelta,Plac Franklina Delano Roosevelta
,plac gen. Hallera,Plac Generała Józefa Hallera
,Plac gen. Henryka Dąbrowskiego,Plac Generała Henryka Dąbrowskiego
,plac gen. Jarosława Dąbrowskiego,Plac Generała Jarosława Dąbrowskiego
,Plac gen. Józefa Bema,Plac Generała Józefa Bema
,Plac gen. Józefa Hallera,Plac Generała Józefa Hallera
,Plac gen. Józefa Wybickiego,Plac Generała Józefa Wybickiego
,plac gen. Kazimierza Pułaskiego,Plac Generała Kazimierza Pułaskiego
,plac gen. Leopolda Okulickiego,Plac Generała Leopolda Okulickiego
,plac gen. Władysława Sikorskiego,Plac Generała Władysława Sikorskiego
,plac Górników,Plac Górników
,plac Ignacego Daszyńskiego,Plac Ignacego Daszyńskiego
,plac Ignacego Paderewskiego,Plac Ignacego Paderewskiego
,Plac im. 100-lecia Odzyskania Niepodległości,Plac 100-lecia Odzyskania Niepodległości
,Plac im. Andrzeja Ruszkowskiego,Plac imienia Andrzeja Ruszkowskiego
,Plac im. dr Zygmunta Brodowicza,Plac Imienia Doktora Zygmunta Brodowicza
,plac im. Gabriela Turskiego,Plac Gabriela Turskiego
,Plac im. Jana Pawła II,Plac Jana Pawła II
,Plac im. Kardynała Stefana Wyszyńskiego,Plac Kardynała Stefana Wyszyńskiego
,plac im. ks. Adolfa Kowala,Plac Księdza Adolfa Kowala
,Plac im. ks. kan. Zbigniewa Kapturczaka,Plac Księdza Kanonika Zbigniewa Kapturczaka
,Plac im. Ks. M. Kłobukowskiego,Plac imienia Księdza Mieczysława Kłobukowskiego
,Plac im. Marii Curie-Skłodowskiej,Plac Marii Skłodowskiej-Curie
,plac im. Marii Konopnickiej,Plac Marii Konopnickiej
,Plac im. marszałka Józefa Piłsudskiego,Plac Marszałka Józefa Piłsudskiego
,Plac im.Jana Pawła II,Plac Jana Pawła II
,plac Jana Pawła II,Plac Jana Pawła II
,plac kard. Stefana Wyszyńskiego,Plac Kardynała Stefana Wyszyńskiego
,plac Kazimierza Wielkiego,Plac Kazimierza Wielkiego
,plac Kościelny,Plac Kościelny
,Plac Kościelny im. barona F. Kalisza,Plac Kościelny imienia Barona Fryderyka Kalisza
,Plac Kościuszki,Plac Tadeusza Kościuszki
,plac kpt. Pawła Cymsa,Plac Kapitana Pawła Cymsa
,plac kpt. Władysława Raginisa,Plac Kapitana Władysława Raginisa
,plac Krzysztofa Kamila Baczyńskiego,Plac Krzysztofa Kamila Baczyńskiego
,Plac Ks. Abp Bronisława Dąbrowskiego,Plac Księdza Arcybiskupa Bronisława Dąbrowskiego
,Plac ks. Adolfa Ołdziejewskiego,Plac Księdza Adolfa Ołdziejewskiego
,plac ks. Antoniego Czaplińskiego,Plac Księdza Antoniego Czaplińskiego
,plac ks. Augusta Żołątkowskiego,Plac Księdza Augusta Żołątkowskiego
,Plac ks. Augustyna Kordeckiego,Plac Księdza Augustyna Kordeckiego
,plac ks. Bolesława Szkiłądzia,Plac Księdza Bolesława Szkiłądzia
,plac ks. dr. Bolesława Domańskiego,Plac Księdza Doktora Bolesława Domańskiego
,plac ks. Eugeniusza Waresiaka,Plac Księdza Eugeniusza Waresiaka
,Plac ks. Ferdynanda Sznajdrowicza,Plac Księdza Ferdynanda Sznajdrowicza
,Plac ks. Franciszka Melzera,Plac Księdza Franciszka Melzera
,plac ks. Jana Karpeckiego,Plac Księdza Jana Karpeckiego
,plac ks. Jana Skarbka,Plac Księdza Jana Skarbka
,Plac ks. Jerzego Popiełuszki,Plac Księdza Jerzego Popiełuszki
,Plac ks. Józefa Szafranka,Plac Księdza Józefa Szafranka
,Plac ks. Kanonika Dymitrowicza,Plac Księdza Kanonika Dymitrowicza
,plac ks. Kanonika J. Kędzierskiego,Plac Księdza Kanonika Jerzego Kędzierskiego
,plac ks. Kardynała Stefana Wyszyńskiego,Plac Księdza Kardynała Stefana Wyszyńskiego
,Plac ks. Karola Kochaja,Plac Księdza Karola Kochaja
,plac ks. Karola Kotschego,Plac Księdza Karola Kotschego
,plac ks. Krzysztofa Kluka,Plac Księdza Krzysztofa Kluka
,Plac ks. Michała Kaczmarka,Plac Księdza Michała Kaczmarka
,plac ks. Otto Konrada,Plac Księdza Otto Konrada
,Plac ks. Prałata Jana Gustkowicza,Plac Księdza Prałata Jana Gustkowicza
,plac ks. Prałata Józefa Kuczery,Plac Księdza Prałata Józefa Kuczery
,Plac ks. Romana Kotlarza,Plac Księdza Romana Kotlarza
,plac ks. Stanisława Staszica,Plac Księdza Stanisława Staszica
,Plac ks. Teodora Kaczmarka,Plac Księdza Teodora Kaczmarka
,Plac ks. Władysława Sudzińskiego,Plac Księdza Władysława Sudzińskiego
,Plac M. Siekluckiego,Plac Mieczysława Siekluckiego
,Plac Majora Henr. Sucharskiego,Plac Majora Henryka-Sucharskiego
,plac marsz. Józefa Piłsudskiego,Plac Marszałka Józefa Piłsudskiego
,Plac Marszałka J. Piłsudskiego,Plac Marszałka Józefa Piłsudskiego
,Plac Miarki,Plac Karola Miarki
,Plac Mickiewicza,Plac Adama Mickiewicza
,plac Niepodległości,Plac Niepodległości
,Plac o. Euzebiusza Huchrackiego,Plac Ojca Euzebiusza Huchrackiego
,Plac Piłsudskiego,Plac Józefa Piłsudskiego
,plac Pokoju,Plac Pokoju
,plac Powstańców Wlkp.,Plac Powstańców Wielkopolskich
,plac Powstańców Śl.,Plac Powstańców Śląskich
,plac ppłk. Włodzimierza Kowalskiego,Plac Podpułkownika Włodzimierza Kowalskiego
,plac prof. Włodzimierza Wójcika,Plac Profesora Włodzimierza Wójcika
,plac Rodziny Machoczków,Plac Rodziny Machoczków
,plac Rondo im. Rodłaków,Rondo imienia Rodłaków
,plac Rynek im. Biskupa Stefana Wierzbowskiego,Rynek imienia Biskupa Stefana Wierzbowskiego
,Plac St. Staszica,Plac Stanisława Staszica
,plac Słowiański,Plac Słowiański
,plac Teatralny,Plac Teatralny
,Plac Teatralny im. Kazimierza Kutza,Plac Teatralny imienia Kazimierza Kutza
,plac Walecznych,Plac Walecznych
,plac Wojciecha Korfantego,Plac Wojciecha Korfantego
,plac Wolności,Plac Wolności
,Plac Wolności im. Jana Pawła II,Plac Wolności imienia Jana Pawła II
,plac Zbawiciela,Plac Zbawiciela
,Plac św. Ambrożego,Plac Świętego Ambrożego
,Plac Św. Andrzeja,Plac Świętego Andrzeja
,Plac św. Barbary,Plac Świętej Barbary
,plac Św. Brunona,Plac Świętego Brunona
,Plac św. Dominika,Plac Świętego Dominika
,Plac Św. Faustyny,Plac Świętej Faustyny
,plac św. Floriana,Plac Świętego Floriana
,Plac Św. Grzegorza,Plac Świętego Grzegorza
,plac św. Jakuba,Plac Świętego Jakuba
,Plac św. Jakuba Apostoła,Plac Świętego Jakuba Apostoła
,plac św. Jana,Plac Świętego Jana
,plac św. Jana Apostoła,Plac Świętego Jana Apostoła
,plac św. Jana Pawła II,Plac Świętego Jana Pawła II
,Plac Św. Józefa,Plac Świętego Józefa
,Plac Św. Katarzyny,Plac Świętej Katarzyny
,Plac Św. Kazimierza,Plac Świętego Kazimierza
,plac św. Kingi,Plac Świętej Kingi
,Plac św. Maksymiliana Kolbego,Plac Świętego Maksymiliana Kolbego
,Plac św. Maksymiliana Męczennika,Plac Świętego Maksymiliana Męczennika
,plac św. Mateusza Apostoła i Ewangelisty,Plac Świętego Mateusza Apostoła i Ewangelisty
,plac św. Małgorzaty,Plac Świętej Małgorzaty
,Plac św. Michała,Plac Świętego Michała
,plac św. Mikołaja,Plac Świętego Mikołaja
,plac św. Siostry Faustyny,Plac Świętej Siostry Faustyny
,plac św. Wawrzyńca,Plac Świętego Wawrzyńca
,plac św. Wojciecha,Plac Świętego Wojciecha
,plac Św. Św. Piotra i Pawła,Plac Świętych Piotra i Pawła
,plac Świętej Anny,Plac Świętej Anny
,plut. Gerarda Makosza,Plutonowego Gerarda Makosza
,plut. Józefa Ciećwierza,Plutonowego Józefa Ciećwierza
,Polipol Aleja,Aleja Polipol
,Poniatowskiego,Stanisława Augusta Poniatowskiego
,por. Anatola Radziwonika,Porucznika Anatola Radziwonika
,por. Bernarda Michałki,Porucznika Bernarda Michałki
,Por. dr Walentego Jankowskiego,Porucznika Doktora Walentego Jankowskiego
,por. Eugeniusza Goliszewskiego,Porucznika Eugeniusza Goliszewskiego
,por. Francisa Akinsa,Porucznika Francisa Akinsa
,por. Franciszka Pierunka - Łaniewskiego,Porucznika Franciszka Pierunka - Łaniewskiego
,por. Franciszka Żukowskiego,Porucznika Franciszka Żukowskiego
,por. Henryka Pisarka,Porucznika Henryka Pisarka
,por. Jana Białka,Porucznika Jana Białka
,por. Jana Rostka,Porucznika Jana Rostka
,por. Jana Wróbla,Porucznika Jana Wróbla
,por. Jana Łyska,Porucznika Jana Łyska
,Por. Jasieńskiego,Porucznika Jasieńskiego
,por. Jurka,Porucznika Jurka
,por. Józefa Mączki,Porucznika Józefa Mączki
,por. Józefa Pindora,Porucznika Józefa Pindora
,Por. Józefa Przedpełskiego,Porucznika Józefa Przedpełskiego
,por. Józefa Rabiegi,Porucznika Józefa Rabiegi
,por. Józefa Rytla,Porucznika Józefa Rytla
,Por. Józefa Sarny,Porucznika Józefa Sarny
,por. Józefa Trawińskiego,Porucznika Józefa Trawińskiego
,por. Kalinowskiego,Porucznika Mieczysława Kalinowskiego
,por. Kazimierza Kurnatowskiego,Porucznika Kazimierza Kurnatowskiego
,Por. Kazimierza Ogrodowskiego,Porucznika Kazimierza Ogrodowskiego
,por. Kazimierza Otapa,Porucznika Kazimierza Otapa
,por. Kazimierza Susały,Porucznika Kazimierza Susały
,por. Kazimierza Trzaskalskiego,Porucznika Kazimierza Trzaskalskiego
,por. Klemensa Wickiego,Porucznika Klemensa Wickiego
,por. Lewandowskiego,Porucznika Grzegorza Lewandowskiego
,por. Ludwika Wolańskiego,Porucznika Ludwika Wolańskiego
,por. Michała Brzeskiego,Porucznika Michała Brzeskiego
,por. Michała Latawca,Porucznika Michała Latawca
,por. Mieczysława Chilińskiego,Porucznika Mieczysława Chilińskiego
,por. Mieczysława Karczewskiego,Porucznika Mieczysława Karczewskiego
,por. Ostrego,"Porucznika ""Ostrego"""
,por. pil. Czesława Goździa,Porucznika Pilota Czesława Goździa
,por. rez. Józefa Truszczyńskiego,Porucznika Rezerwy Józefa Truszczyńskiego
,por. Robota,Porucznika Robota
,por. Ryszarda Gubały,Porucznika Ryszarda Gubały
,por. Sarny,Porucznika Józefa Sarny
,por. Stanisława Brykalskiego,Porucznika Stanisława Brykalskiego
,por. Stanisława Paderewskiego,Porucznika Stanisława Paderewskiego
,por. Stanisława Pajora,Porucznika Stanisława Pajora
,por. Stanisława Sołtysa,Porucznika Stanisława Sołtysa
,por. Tadeusza Króla,Porucznika Tadeusza Króla
,por. Waltera Szenklera,Porucznika Waltera Szenklera
,por. Władysława Barana,Porucznika Władysława Barana
,por. Władysława Klimaszewskiego,Porucznika Władysława Klimaszewskiego
,por. Włodzimierza Suriana,Porucznika Włodzimierza Suriana
,Por. Zaremby,Porucznika Mariana Zaremby
,por. Zdzisława Gierlińskiego,Porucznika Zdzisława Gierlińskiego
,por. Zygmunta Olczaka,Porucznika Zygmunta Olczaka
,por. Łagody,Porucznika Hieronima Łagody
,por.Józefa Sarny,Porucznika Józefa Sarny
,Porozumienia Dąbrowskiego 1980,Porozumienia Dąbrowskiego 1980 roku
,Powstańców 1863 r.,Powstańców 1863 roku
,Powstańców 1863r.,Powstańców 1863 roku
,Powstańców Wlkp.,Powstańców Wielkopolskich
,ppor. Antoniego Wołowskiego,Podporucznika Antoniego Wołowskiego
,ppor. Brzozy II,Podporucznika Brzozy II
,ppor. Edmunda Skotarczaka,Podporucznika Edmunda Skotarczaka
,ppor. Edmunda Łopuskiego,Podporucznika Edmunda Łopuskiego
,ppor. Jana Bołbotta,Podporucznika Jana Bołbotta
,ppor. Jana Folgi,Podporucznika Jana Folgi
,ppor. Jana Liszyka,Podporucznika Jana Liszyka
,ppor. Józefa Śliwińskiego,Podporucznika Józefa Śliwińskiego
,ppor. Kazimierza Gurbiela,Podporucznika Kazimierza Gurbiela
,ppor. Mariana Zaremby,Podporucznika Mariana Zaremby
,ppor. Mieczysława Majdzika,Podporucznika Mieczysława Majdzika
,ppor. Sawy,Podporucznika Sawy
,ppor. Sokoła,Podporucznika Sokoła
,ppor. Stanisława Mycielskiego,Podporucznika Stanisława Mycielskiego
,ppor. Wacława Andrzejewskiego,Podporucznika Wacława Andrzejewskiego
,ppor. Wiktora Dziarskiego,Podporucznika Wiktora Dziarskiego
,ppor. Witalisa Bramy,Podporucznika Witalisa Bramy
,ppor.Tadeusza Sochy,Podporucznika Tadeusza Sochy
,ppr. Emilii Gierczak,Podporucznik Emilii Gierczak
,ppłk Władysława Kabata,Podpułkownika Władysława Kabata
,ppłk. Aleksandra Kity,Podpułkownika Aleksandra Kity
,ppłk. Alojzego Nowaka,Podpułkownika Alojzego Nowaka
,ppłk. Antoniego Iglewskiego,Podpułkownika Antoniego Iglewskiego
,ppłk. Bernarda Śliwińskiego,Podpułkownika Bernarda Śliwińskiego
,ppłk. Edwarda Dietricha,Podpułkownika Edwarda Dietricha
,ppłk. Franciszka Hynka,Podpułkownika Franciszka Hynka
,ppłk. Ignacego Szpunara,Podpułkownika Ignacego Szpunara
,ppłk. Jana Dunin-Brzezińskiego,Podpułkownika Jana Dunin-Brzezińskiego
,ppłk. Jana Pasternakiewicza,Podpułkownika Jana Pasternakiewicza
,ppłk. Jana Pałubickiego,Podpułkownika Jana Pałubickiego
,ppłk. Józefa Owczarskiego,Podpułkownika Józefa Owczarskiego
,ppłk. Kazimierza Pruszkowskiego,Podpułkownika Kazimierza Pruszkowskiego
,ppłk. Leona Jakuba Gnatowskiego,Podpułkownika Leona Jakuba Gnatowskiego
,ppłk. Mariana Ewalda Drobika,Podpułkownika Mariana Ewalda Drobika
,ppłk. Mariana Skrzyneckiego,Podpułkownika Mariana Skrzyneckiego
,ppłk. Nilskiego-Łapińskiego,Podpułkownika Stanisława Nilskiego-Łapińskiego
,ppłk. pil. Romualda Sulińskiego,Podpułkownika Pilota Romualda Sulińskiego
,ppłk. Pohoreckiego,Podpułkownika Pohoreckiego
,ppłk. Ryszarda Lubowiedzkiego,Podpułkownika Ryszarda Lubowiedzkiego
,ppłk. S. Chałupy,Podpułkownika Stanisława Chałupy
,ppłk. Stanisława Truszkowskiego,Podpułkownika Stanisława Truszkowskiego
,Ppłk. Stanisława Ślesickiego,Podpułkownika Stanisława Ślesickiego
,ppłk. Stefana Ignaszaka,Podpułkownika Stefana Ignaszaka
,ppłk. Stefana Platonoffa,Podpułkownika Stefana Platonoffa
,ppłk. Teodora Mańczyka,Podpułkownika Teodora Mańczyka
,ppłk. Włodzimierza Kowalskiego,Podpułkownika Włodzimierza Kowalskiego
,ppłk. Zdzisława Orłowskiego,Podpułkownika Zdzisława Orłowskiego
,Ppłk. Zygmunta Kostkiewicza,Podpułkownika Zygmunta Kostkiewicza
,ppłka pil. Mariana Pisarka,Podpułkownika Pilota Mariana Pisarka
,prof. Adama Grucy,Profesora Adama Grucy
,prof. Adama Rożańskiego,Profesora Adama Rożańskiego
,prof. Adama Wrzoska,Profesora Adama Wrzoska
,Prof. Aleksandra Gelli,Profesora Aleksandra Gelli
,prof. Aleksandra Martyniaka,Profesora Aleksandra Martyniaka
,prof. Alfonsa Hoffmanna,Profesora Alfonsa Hoffmanna
,prof. Andrzeja Kalicińskiego,Profesora Andrzeja Kalicińskiego
,prof. Andrzeja Stelmachowskiego,Profesora Andrzeja Stelmachowskiego
,prof. Andrzeja Waksmundzkiego,Profesora Andrzeja Waksmundzkiego
,Prof. Antoniego Gębali,Profesora Antoniego Gębali
,prof. Antoniego Plamitzera,Profesora Antoniego Plamitzera
,prof. Antoniego Łowińskiego,Profesora Antoniego Łowińskiego
,prof. Artura Wittenberga,Profesora Artura Wittenberga
,prof. Bohdana Wilamowskiego,Profesora Bohdana Wilamowskiego
,prof. Bolesława Adamczyka,Profesora Bolesława Adamczyka
,prof. Bronisława Bukowskiego,Profesora Bronisława Bukowskiego
,prof. Czesława Łuczaka,Profesora Czesława Łuczaka
,prof. Demela,Profesora Kazimierza Demela
,prof. dr hab. Jana Mariana Hasika,Profesora Doktora Habilitowanego Jana Mariana Hasika
,prof. dr. Jerzego Dmochowskiego,Profesora Doktora Jerzego Dmochowskiego
,prof. dr. Mieczysława Michałowicza,Profesora Doktora Mieczysława Michałowicza
,prof. dr. Tadeusza Kobusiewicza,Profesora Doktora Tadeusza Kobusiewicza
,Prof. E. Brezy,Profesora Edwarda Brezy
,prof. Edmunda Cieślaka,Profesora Edmunda Cieślaka
,prof. Edmunda Malinowskiego,Profesora Edmunda Malinowskiego
,prof. Edwarda Olszewskiego,Profesora Edwarda Olszewskiego
,prof. Emila Chroboczka,Profesora Emila Chroboczka
,prof. Eugeniusza Grabdy,Profesora Eugeniusza Grabdy
,prof. Eugeniusza Romera,Profesora Eugeniusza Romera
,Prof. Feliksa Kotowskiego,Profesora Feliksa Kotowskiego
,prof. Franciszka Bujaka,Profesora Franciszka Bujaka
,Prof. Franciszka Misztala,Profesora Franciszka Misztala
,prof. Fryderyka Joliot-Curie,Profesora Fryderyka Joliot-Curie
,prof. Grzegorza Nowaka,Profesora Grzegorza Nowaka
,prof. Haliny Karnickiej,Profesor Haliny Karnickiej
,prof. Henryka Borka,Profesora Henryka Borka
,prof. Henryka Świdzińskiego,Profesora Henryka Świdzińskiego
,prof. Hilarego Koprowskiego,Profesora Hilarego Koprowskiego
,prof. Ignacego Laskowskiego,Profesora Ignacego Laskowskiego
,prof. Ignacego Wośki,Profesora Ignacego Wośki
,prof. Izabeli Dąmbskiej,Profesor Izabeli Dąmbskiej
,Prof. J. I. Nowaka,Profesora Juliana Ignacego Nowaka
,prof. Jakuba Tomanka,Profesora Jakuba Tomanka
,prof. Jana Czochralskiego,Profesora Jana Czochralskiego
,prof. Jana Domaniewskiego,Profesora Jana Domaniewskiego
,Prof. Jana Haftka,Profesora Jana Haftka
,prof. Jana Kozłowskiego,Profesora Jana Kozłowskiego
,prof. Jana Mikusińskiego,Profesora Jana Mikusińskiego
,prof. Jana Rutkowskiego,Profesora Jana Rutkowskiego
,prof. Jana Świderskiego,Profesora Jana Świderskiego
,prof. Janusza Groszkowskiego,Profesora Janusza Groszkowskiego
,prof. Jerzego Stankiewicza,Profesora Jerzego Stankiewicza
,prof. Juliana Lambora,Profesora Juliana Lambora
,prof. Józefa Jachimka,Profesora Józefa Jachimka
,prof. Józefa Kokota,Profesora Józefa Kokota
,prof. Józefa Kostrzewskiego,Profesora Józefa Kostrzewskiego
,prof. Józefa Więckowskiego,Profesora Józefa Więckowskiego
,prof. Józefa Zwierzyckiego,Profesora Józefa Zwierzyckiego
,prof. K. Mloska,Profesora Krzysztofa Mloska
,prof. Karola Joncy,Profesora Karola Joncy
,prof. Kazimierza Kopeckiego,Profesora Kazimierza Kopeckiego
,prof. Kazimierza Krysiaka,Profesora Kazimierza Krysiaka
,prof. Kazimierza Markiewicza,Profesora Kazimierza Markiewicza
,prof. Kazimierza Piwarskiego,Profesora Kazimierza Piwarskiego
,prof. Kazimierza Secomskiego,Profesora Kazimierza Secomskiego
,prof. Krzysztofa Marlicza,Profesora Krzysztofa Marlicza
,prof. Krzysztofa Pendereckiego,Profesora Krzysztofa Pendereckiego
,prof. Krzysztofa Skóry,Profesora Krzysztofa Skóry
,prof. Leszka Kuberskiego,Profesora Leszka Kuberskiego
,Prof. Lotha,Profesora Edwarda Lotha
,prof. Ludwika Chmaja,Profesora Ludwika Chmaja
,Prof. Ludwika Rydygiera,Profesora Ludwika Rydygiera
,prof. Maksymiliana Hubera,Profesora Maksymiliana Hubera
,prof. Mariana Gumowskiego,Profesora Mariana Gumowskiego
,prof. Mariana Osińskiego,Profesora Mariana Osińskiego
,prof. Mariana Raciborskiego,Profesora Mariana Raciborskiego
,prof. Mariana Rapackiego,Profesora Mariana Rapackiego
,prof. Marii Dzielskiej,Profesor Marii Dzielskiej
,prof. Marii Hrabowskiej,Profesor Marii Hrabowskiej
,Prof. Mariusza Karpowicza,Profesora Mariusza Karpowicza
,prof. Michała Siedleckiego,Profesora Michała Siedleckiego
,prof. Mieczysława Gębarowicza,Profesora Mieczysława Gębarowicza
,prof. Mieczysława Michałowicza,Profesora Mieczysława Michałowicza
,prof. Oswalda Matei,Profesora Oswalda Matei
,prof. Pawłowskiego,Profesora Stanisława Pawłowskiego
,prof. Piotra Znanieckiego,Profesora Piotra Znanieckiego
,prof. R. Ranoszka,Profesora Rudolfa Ranoszka
,prof. Roberta Bednorza,Profesora Roberta Bednorza
,prof. Roberta Towarnickiego,Profesora Roberta Towarnickiego
,prof. Romana Drewsa,Profesora Romana Drewsa
,prof. Romana Lipowicza,Profesora Romana Lipowicza
,prof. Romualda Adama Cebertowicza,Profesora Romualda Adama Cebertowicza
,prof. Romualda Cebertowicza,Profesora Romualda Cebertowicza
,prof. Romualda Reguły,Profesora Romualda Reguły
,prof. Ryszarda Bagińskiego,Profesora Ryszarda Bagińskiego
,prof. Ryszarda Kosteckiego,Profesora Ryszarda Kosteckiego
,prof. Seweryna Dziubałtowskiego,Profesora Seweryna Dziubałtowskiego
,prof. St. Szczotki,Profesora Stanisława Szczotki
,prof. Stanisława Bodniaka,Profesora Stanisława Bodniaka
,prof. Stanisława Brzósko,Profesora Stanisława Brzósko
,prof. Stanisława Cebuli,Profesora Stanisława Cebuli
,prof. Stanisława Fischera,Profesora Stanisława Fischera
,prof. Stanisława Herbsta,Profesora Stanisława Herbsta
,prof. Stanisława Kaszyńskiego,Profesora Stanisława Kaszyńskiego
,prof. Stanisława Kirkora,Profesora Stanisława Kirkora
,prof. Stanisława Kolbuszewskiego,Profesora Stanisława Kolbuszewskiego
,prof. Stanisława Kota,Profesora Stanisława Kota
,Prof. Stanisława Małkowskiego,Profesora Stanisława Małkowskiego
,Prof. Stanisława Pawłowskiego,Profesora Stanisława Pawłowskiego
,prof. Stanisława Pigonia,Profesora Stanisława Pigonia
,Prof. Stanisława Pilata,Profesora Stanisława Pilata
,prof. Stanisława Rosponda,Profesora Stanisława Rosponda
,prof. Stanisława Swianiewicza,Profesora Stanisława Swianiewicza
,prof. Stanisława Szpora,Profesora Stanisława Szpora
,prof. Stanisława Tarnowskiego,Profesora Stanisława Tarnowskiego
,prof. Stanisława Tołpy,Profesora Stanisława Tołpy
,prof. Stefana Banacha,Profesora Stefana Banacha
,prof. Stefana Golachowskiego,Profesora Stefana Golachowskiego
,prof. Stefana Hausbrandta,Profesora Stefana Hausbrandta
,prof. Stefana Malawskiego,Profesora Stefana Malawskiego
,prof. Stefana Myczkowskiego,Profesora Stefana Myczkowskiego
,prof. Stefana Poznańskiego,Profesora Stefana Poznańskiego
,Prof. T. Seweryna,Profesora Tadeusza Seweryna
,prof. Tadeusza Banachiewicza,Profesora Tadeusza Banachiewicza
,Prof. Tadeusza Browicza,Profesora Tadeusza Browicza
,prof. Tadeusza Kotarbińskiego,Profesora Tadeusza Kotarbińskiego
,prof. Teodora Rafińskiego,Profesora Teodora Rafińskiego
,prof. Wacława Minakowskiego,Profesora Wacława Minakowskiego
,prof. Wacława Strażewicza,Profesora Wacława Strażewicza
,prof. Walerego Fontanusa,Profesora Walerego Fontanusa
,prof. Wiesława Krautforsta,Profesora Wiesława Krautforsta
,prof. Wiktora Degi,Profesora Wiktora Degi
,Prof. Wiktora Orłowskiego,Profesora Wiktora Orłowskiego
,prof. Wilibalda Winklera,Profesora Wilibalda Winklera
,prof. Witolda Andruszkiewicza,Profesora Witolda Andruszkiewicza
,prof. Witolda Taszyckiego,Profesora Witolda Taszyckiego
,prof. Witolda Łukaszewicza,Profesora Witolda Łukaszewicza
,prof. Wośko,Profesora Ignacego Wośko
,prof. Władysława Nikliborca,Profesora Władysława Nikliborca
,prof. Władysława Szafera,Profesora Władysława Szafera
,prof. Władysława Tatarkiewicza,Profesora Władysława Tatarkiewicza
,Prof. Władysława Witwickiego,Profesora Władysława Witwickiego
,prof. Włodzimierza Fijałkowskiego,Profesora Włodzimierza Fijałkowskiego
,prof. Włodzimierza Krukowskiego,Profesora Włodzimierza Krukowskiego
,prof. Włodzimierza Zonna,Profesora Włodzimierza Zonna
,prof. Zbigniewa Religi,Profesora Zbigniewa Religi
,Prof. Zbigniewa Sierpińskiego,Profesora Zbigniewa Sierpińskiego
,prof. Zbigniewa Steckiego,Profesora Zbigniewa Steckiego
,prof. Zbigniewa Strzeleckiego,Profesora Zbigniewa Strzeleckiego
,prof. Zdzisława Boronia,Profesora Zdzisława Boronia
,prof. Zdzisława Kieturakisa,Profesora Zdzisława Kieturakisa
,prof. Zdzisława Pidka,Profesora Zdzisława Pidka
,prof. Zygmunta Czubińskiego,Profesora Zygmunta Czubińskiego
,prof. Łowmiańskiego,Profesora Henryka Łowmiańskiego
,Prof. Żytkowskiego,Profesora Zygmunta Żytkowskiego
,Profesora dr. Franciszka Bujaka,Profesora Doktora Franciszka Bujaka
,Promenada gen. Jerzego Ziętka,Promenada Generała Jerzego Ziętka
,Prusa,Bolesława Prusa
,Prymasa Kard. Wyszyńskiego,Prymasa Kardynała Stefana Wyszyńskiego
,Pułaskiego,Kazimierza Pułaskiego
,Płk Cypriana Bystrama,Pułkownika Cypriana Bystrama
,Płk Czesława Chmielewskiego,Pułkownika Czesława Chmielewskiego
,płk Henryka Kowalówki,Pułkownika Henryka Kowalówki
,płk Jana Kilińskiego,Pułkownika Jana Kilińskiego
,płk Marcina Borelowskiego,Pułkownika Marcina Borelowskiego
,płk Władysława Muzyki,Pułkownika Władysława Muzyki
,płk. Adama Nadachowskiego,Pułkownika Adama Nadachowskiego
,płk. Aleksandra Hertela,Pułkownika Aleksandra Hertela
,płk. Aleksandra Krzyżanowskiego,Pułkownika Aleksandra Krzyżanowskiego
,płk. Aleksandrowicza,Pułkownika Witolda Aleksandrowicza
,płk. Andrzeja Hałacińskiego,Pułkownika Andrzeja Hałacińskiego
,płk. Andrzeja Kopy,Pułkownika Andrzeja Kopy
,płk. Antoniego Lawicz-Liszki,Pułkownika Antoniego Lawicz-Liszki
,płk. Antoniego Tomczyka,Pułkownika Antoniego Tomczyka
,Płk. Beliny-Prażmowskiego,Pułkownika Władysława Beliny-Prażmowskiego
,płk. Bolesława Mościckiego,Pułkownika Bolesława Mościckiego
,płk. Bolesława Orlińskiego,Pułkownika Bolesława Orlińskiego
,płk. Brzeżańskiego,Pułkownika Augustyna Brzeżańskiego
,płk. Chodakowskiego,Pułkownika Maksymiliana Chodakowskiego
,płk. Czesława Hake,Pułkownika Czesława Hake
,płk. Deca,Pułkownika Władysława Deca
,płk. dr. Leona Strehla,Pułkownika Doktora Leona Strehla
,płk. Dyplomowanego Ludwika Bociańskiego,Pułkownika Ludwika Bociańskiego
,płk. Dąbka,Pułkownika Stanisława Dąbka
,płk. Edwarda Malewicza,Pułkownika Edwarda Malewicza
,płk. Fr.Nullo,Pułkownika Francesco Nullo
,płk. Franciszka Niepokólczyckiego,Pułkownika Franciszka Niepokólczyckiego
,płk. Franciszka Żarnowskiego,Pułkownika Franciszka Żarnowskiego
,płk. Gwido Langera,Pułkownika Gwido Langera
,płk. Henryka Świetlickiego,Pułkownika Henryka Świetlickiego
,płk. Hynka,Pułkownika Franciszka Hynka
,Płk. Jana Krysińskiego,Pułkownika Jana Krysińskiego
,płk. Jana Malińskiego,Pułkownika Jana Malińskiego
,płk. Jana Pałubickiego,Pułkownika Jana Pałubickiego
,płk. Jana Rzepeckiego,Pułkownika Jana Rzepeckiego
,płk. Jana Zientarskiego,Pułkownika Jana Zientarskiego
,płk. Jerzego Bajana,Pułkownika Jerzego Bajana
,płk. Jerzego Kleina,Pułkownika Jerzego Kleina
,Płk. Józefa Koczwary,Pułkownika Józefa Koczwary
,płk. Józefa Krzyczkowskiego,Pułkownika Józefa Krzyczkowskiego
,płk. Józefa Modrzejewskiego,Pułkownika Józefa Modrzejewskiego
,płk. Józefa Mularczyka,Pułkownika Józefa Mularczyka
,Płk. Józefa Puchalskiego,Pułkownika Józefa Puchalskiego
,płk. Józefa Płodowskiego,Pułkownika Józefa Płodowskiego
,płk. Józefa Serugi,Pułkownika Józefa Serugi
,płk. Józefa Spychalskiego,Pułkownika Józefa Spychalskiego
,płk. Józefa Witolda Dzierżykraja-Morawskiego,Pułkownika Józefa Witolda Dzierżykraja-Morawskiego
,płk. Karola Myrka,Pułkownika Karola Myrka
,płk. Karola Piłata,Pułkownika Karola Piłata
,płk. Karola Zagórskiego,Pułkownika Karola Zagórskiego
,płk. Kazimierza Drewnowskiego,Pułkownika Kazimierza Drewnowskiego
,płk. Kazimierza Iranka-Osmeckiego,Pułkownika Kazimierza Iranka-Osmeckiego
,płk. Kazimierza Mastalerza,Pułkownika Kazimierza Mastalerza
,płk. Kazimierza Pruszkowskiego,Pułkownika Kazimierza Pruszkowskiego
,płk. Leopolda Lisa-Kuli,Pułkownika Leopolda Lisa-Kuli
,Płk. Lisa-Kuli,Pułkownika Leopolda Lisa-Kuli
,płk. Marcina Amora Tarnowskiego,Pułkownika Marcina Amora Tarnowskiego
,płk. Mariana Krudowskiego,Pułkownika Mariana Krudowskiego
,płk. Mariana Raganowicza,Pułkownika Mariana Raganowicza
,płk. Orłowskiego,Pułkownika Zdzisława Orłowskiego
,płk. pil. Bernarda Adameckiego,Pułkownika Pilota Bernarda Adameckiego
,płk. pil. Romana Florera,Pułkownika Pilota Romana Florera
,płk. pil. Tadeusza Koca,Pułkownika Pilota Tadeusza Koca
,płk. Piotra Bartaka,Pułkownika Piotra Bartaka
,płk. Piotra Podstawskiego,Pułkownika Piotra Podstawskiego
,Płk. Pisarskiego,Pułkownika Achacego Pisarskiego
,płk. Ryszarda Kuklińskiego,Pułkownika Ryszarda Kuklińskiego
,płk. Rębajło,"Pułkownika Karola Kality ""Rębajło"""
,płk. Stanisława Dąbka,Pułkownika Stanisława Dąbka
,płk. Stanisława Hojnowskiego,Pułkownika Stanisława Hojnowskiego
,Płk. Stanisława Koszutskiego,Pułkownika Stanisława Koszutskiego
,płk. Stanisława Krzystyniaka,Pułkownika Stanisława Krzystyniaka
,płk. Stanisława Królickiego,Pułkownika Stanisława Królickiego
,płk. Stanisława Mireckiego,Pułkownika Stanisława Mireckiego
,płk. Stanisława Skarżyńskiego,Pułkownika Stanisława Skarżyńskiego
,płk. Stanisława Steczkowskiego,Pułkownika Stanisława Steczkowskiego
,płk. Stanisława Wilimowskiego,Pułkownika Stanisława Wilimowskiego
,płk. Stefana Osiki,Pułkownika Stefana Osiki
,płk. Szczepana Ścibiora,Pułkownika Szczepana Ścibiora
,płk. Tadeusza Falewicza,Pułkownika Tadeusza Falewicza
,płk. Tadeusza Lechnickiego,Pułkownika Tadeusza Lechnickiego
,płk. Tadeusza Rolskiego,Pułkownika Tadeusza Rolskiego
,płk. Tadeusza Semika,Pułkownika Tadeusza Semika
,płk. Wacława Kazimierskiego,Pułkownika Wacława Kazimierskiego
,płk. Wacława Wilniewczyca,Pułkownika Wacława Wilniewczyca
,płk. Wilka-Krzyżanowskiego,Pułkownika Aleksandra Wilka-Krzyżanowskiego
,płk. Witolda Pileckiego,Pułkownika Witolda Pileckiego
,płk. Witolda Roszkowskiego,Pułkownika Witolda Roszkowskiego
,płk. Witolda Sztarka,Pułkownika Witolda Sztarka
,płk. Wł. Muzyki,Pułkownika Władysława Muzyki
,płk. Władysława Beliny-Prażmowskiego,Pułkownika Władysława Beliny-Prażmowskiego
,płk. Władysława Kiełbasy,Pułkownika Władysława Kiełbasy
,płk. Zbigniewa Szacherskiego,Pułkownika Zbigniewa Szacherskiego
,płk. Zdzisława Barbasiewicza,Pułkownika Zdzisława Barbasiewicza
,płk. Zygmunta Chmieleńskiego,Pułkownika Zygmunta Chmieleńskiego
,płk. Zygmunta Padlewskiego,Pułkownika Zygmunta Padlewskiego
,płk. Łukasza Cieplińskiego,Pułkownika Łukasza Cieplińskiego
,R. Dmowskiego,Romana Dmowskiego
,R. Kalinowskiego,Romana Dmowskiego
,R. Traugutta,Romualda Traugutta
,R. Weigla,Jana Weigla
,R. Żulińskiego,Romana Żulińskiego
,Rabina dr. Maxa Josepha,Rabina Doktora Maxa Josepha
,Racula-Im. Rodła,Racula-Rodła
,Racula-M. Gierymskiego,Racula-Maksymiliana Gierymskiego
,Racula-St. Wyspiańskiego,Racula-Stanisława Wyspiańskiego
,Racula-Św. Mikołaja,Racula-Świętego Mikołaja
,Raska,Józefa Raska
,Reja,Mikołaja Reja
,Reja Mikołaja,Mikołaja Reja
,Rejtana,Tadeusza Rejtana
,Rewolucji 1905 r.,Rewolucji 1905 roku
,Reymonta,Władysława Reymonta
0940890,Reymonta,Władysława Stanisława Reymonta
,Reymonta S.,Władysława Reymonta
,Rondo gen. pil. A. Błasika,Rondo Generała Pilota Andrzeja Błasika
,Roosevelta,Franklina Delano Roosevelta
,Rostka,Józefa Rostka
,Rot. W. Pileckiego,Rotmistrza Witolda Pileckiego
,rotm. Witolda Pileckiego,Rotmistrza Witolda Pileckiego
,Rotmistrza W. Pileckiego,Rotmistrza Witolda Pileckiego
,rotmistrza Witolda Pileckiego,Rotmistrza Witolda Pileckiego
,rtm. W. Konopki,Rotmistrza Witolda Konopki
,Rtm. W. Pileckiego,Rotmistrza Witolda Pileckiego
,rtm. Witolda Pileckiego,Rotmistrza Witolda Pileckiego
,Rynek Duży im. J. Piłsudskiego,Duży Rynek imienia Józefa Piłsudskiego
,Rynek im. Jana Pawła II,Rynek Jana Pawła II
,Rynek im. ks. W. Mojżykiewicza,Rynek Księdza Witolda Mojżykiewicza
,Rynek im. Powstańców 1863,Rynek Powstańców 1863 roku
,Rynek Marszałka J. Piłsudskiego,Rynek Marszałka Józefa Piłsudskiego
,Rzeckiego,Ignacego Rzeckiego
,S. Cymuty,Stanisława Cymuty
,s. Heleny Herman,Siostry Heleny Herman
,s. Hiacynty Joanny Luli,Siostry Hiacynty Joanny Luli
,S. I. Witkiewicza,Stanisława Ignacego Witkiewicza
,S. Józefy Hałacińskiej,Siostry Józefy Hałacińskiej
,S. Lema,Stanisława Lema
,s. Marii Dworniczak,Siostry Marii Dworniczak
,S. Moniuszki,Stanisława Moniuszki
,S. Okrzei,Stefana Okrzei
,S. Przybyszewskiego,Stanisława Przybyszewskiego
,S. Rembeka,Stanisława Rembeka
,S. Staszica,Stanisława Staszica
,S. Wyspiańskiego,Stanisława Wyspiańskiego
,S. Żeromskiego,Stefana Żeromskiego
,Sienkiewicza,Henryka Sienkiewicza
,sierż. Artura Kostrowskiego,Sierżanta Artura Kostrowskiego
,sierż. Grzegorza Załogi,Sierżanta Grzegorza Załogi
,sierż. Józefa Franczaka,Sierżanta Józefa Franczaka
,sierż. naw. Mieczysława Mroza,Sierżanta Nawigatora Mieczysława Mroza
,sierż. pchor. Zygmunta Przeździeckiego,Sierżanta Podchorążego Zygmunta Przeździeckiego
,sierż. Władysława Szymczaka,Sierżanta Władysława Szymczaka
,Sikorskiego,Generała Władysława Sikorskiego
,Skrzetuskiego,Jana Skrzetuskiego
,Skwer kard. Stefana Wyszyńskiego,Skwer Kardynała Stefana Wyszyńskiego
,Skwer Ks. Stanisława Chłopeckiego,Skwer Księdza Stanisława Chłopeckiego
,Skłodowskiej,Marii Skłodowskiej-Curie
,Skłodowskiej-Curie,Marii Skłodowskiej-Curie
,Smołki,Emanuela Smołki
,Sobieskiego,Jana III Sobieskiego
,Solskiego,Ludwika Solskiego
,St. A. Poniatowskiego,Stanisława Augusta Poniatowskiego
,St. Augusta Poniatowskiego,Stanisława Augusta Poniatowskiego
,St. Brzóski,Stanisława Brzóski
,St. i Wł. Janochów,Stanisława i Władysława Janochów
,St. Konarskiego,Stanisława Konarskiego
,St. Lema,Stanisława Lema
,St. Mikołajczyka,Stanisława Mikołajczyka
,St. Moniuszki,Stanisława Moniuszki
,St. Okrzei,Stanisława Okrzei
,St. Przybyszewskiego,Stanisława Przybyszewskiego
,St. Skarżyńskiego,Stanisława Skarżyńskiego
,St. Staszica,Stanisława Staszica
,St. Wyspiańskiego,Stanisława Wyspiańskiego
,St. Żeromskiego,Stefana Żeromskiego
,St.Bełżyńskiego,Stanisława Bełżyńskiego
,Stachury,Antoniego Stachury
,Staffa,Leopolda Staffa
,Stalmacha,Pawła Stalmacha
,Stanisława A. Poniatowskiego,Stanisława Augusta Poniatowskiego
,Stanisława I. Witkiewicza,Stanisława Ignacego Witkiewicza
,Stary Kisielin-Pionierów Lub.,Stary Kisielin-Pionierów Lubuskich
,Stary Kisielin-Św. Floriana,Stary Kisielin-Świętego Floriana
,Staszica,Stanisława Staszica
,Stefana kard. Wyszyńskiego,Kardynała Stefana Wyszyńskiego
,Stolarskiego,Błażeja Stolarskiego
,Strajku Łódzkich Studentów w 1981 r.,Strajku Łódzkich Studentów w 1981 roku
,Strzelczyka,Franciszka Strzelczyka
,Stuska,Franciszka Stuska
,Styczyńskiego,Jana Styczyńskiego
,Sucharskiego,Majora Henryka Sucharskiego
,Sz. i H. Syrkusów,Heleny i Szymona Syrkusów
,Szczotki,Józefa Szczotki
,Szewczyka,Wilhelma Szewczyka
,Szymanowskiego,Karola Szymanowskiego
,Szymborskiej,Wisławy Szymborskiej
,Sławika,Henryka Sławika
,Słowackiego,Juliusza Słowackiego
,T. Bairda,Tadeusza Bairda
,T. Borowskiego,Tadeusza Borowskiego
,T. Boya-Żeleńskiego,Tadeusza Boya-Żeleńskiego
,T. Chałubińskiego,Tytusa Chałubińskiego
,T. Grzesika i R. Piwnika,Tomasza Grzesika i Romana Piwnika
,T. Kotarbińskiego,Tadeusza Kotarbińskiego
,T. Kościuszki,Tadeusza Kościuszki
,T. Makowskiego,Tadeusza Makowskiego
,T. Zana,Tomasza Zana
,T. Ślusarskiego,Tadeusza Ślusarskiego
,Tadeusza Boya Żeleńskiego,Tadeusza Boya-Żeleńskiego
,Tadeusza Zawadzkiego ps. Zośka,"Tadeusza Zawadzkiego ps. ""Zośka"""
,Teligi,Leonida Teligi
,Teofila A. Lenartowicza,Teofila Aleksandra Lenartowicza
,Tetmajera,Kazimierza Tetmajera
,Thomasa W. Wilsona,Thomasa Woodrowa Wilsona
,Trakt K. Pułaskiego,Trakt Kazimierza Pułaskiego
,Trakt Ojca św. Franciszka,Trakt Ojca Świętego Franciszka
,Trakt Św. Jakuba,Trakt Świętego Jakuba
,Trakt św. Jana Pawła II,Trakt Świętego Jana Pawła II
,Trakt Św. Wojciecha,Trakt Świętego Wojciecha
,Trasa ks. Jerzego Popiełuszki,Trasa Księdza Jerzego Popiełuszki
,Traugutta,Romualda Traugutta
,Trulleya,Jana Trulleya
,Tuwima,Juliana Tuwima
,Tysiąclecia PP,Tysiąclecia Państwa Polskiego
,Ujejskiego,Kornela Ujejskiego
,Ursyna Niemcewicza,Juliana Ursyna Niemcewicza
,W. A. Mozarta,Wolfganga Amadeusza Mozarta
,W. B. Krzyżanowskiego,Włodzimierza Bonawentury Krzyżanowskiego
,W. Bartniaka,Władysława Bartniaka
,W. Bogusławskiego,Wojciecha Bogusławskiego
,W. Broniewskiego,Wojciecha Bogusławskiego
,W. Dudziewicza,Wawrzyńca Dudziewicza
,W. Jagiełły,Władysława Jagiełły
,W. Janta-Połczyńskiego,Władysława Janta-Połczyńskiego
,W. Korfantego,Wojciecha Korfantego
,W. Lutosławskiego,Witolda Lutosławskiego
,W. Orkana,Władysława Orkana
,W. Perlitza,Wacława Perlitza
,W. Pola,Wincentego Pola
,W. Reymonta,Władysława Reymonta
,W. Syrokomli,Władysława Syrokomli
,W. Szczeblewskiego,Wacława Szczeblewskiego
,W. Warneńczyka,Władysława Warneńczyka
,W. Westfala,Witolda Westfala
,W. Witosa,Wincentego Witosa
,W. Łokietka,Władysława Łokietka
,Wachm. Tarzana,Wachmistrza Tarzana
,Waryńskiego,Ludwika Waryńskiego
,Wały gen. Władysława Sikorskiego,Wały Generała Władysława Sikorskiego
,Wały Księcia J. Poniatowskiego,Wały Księcia Józefa Poniatowskiego
,Wichrowe wzgórze,Wichrowe Wzgórze
,Wieniawskiego,Henryka Wieniawskiego
,Williama H. Lindleya,Williama Heerleina Lindleya
,Wilsona,Thomasa Woodrowa Wilsona
,Witosa,Wincentego Witosa
,Witosa W.,Wincentego Witosa
,Wolfganga A. Mozarta,Wolfganga Amadeusza Mozarta
,Wolnego,Konstantego Wolnego
,Wybickiego,Józefa Wybickiego
,Wybrzeże im. Marszałka Piłsudskiego,Wybrzeże Marszałka Piłsudskiego
,Wybrzeże Prezydenta W. Wilsona,Wybrzeże Prezydenta Woodrowa Wilsona
,Wydarzeń Brzeskich 1966 r.,Wydarzeń Brzeskich 1966 roku
,Wyspiańskiego,Stanisława Wyspiańskiego
,Wzgórze św. Wojciecha,Wzgórze Świętego Wojciecha
,Wł. Broniewskiego,Władysława Broniewskiego
,Wł. Gduli,Władysława Gduli
,Wł. Jagiełły,Władysława Jagiełły
,Wł. Raginisa,Władysława Raginisa
,Wł. Reymonta,Władysława Reymonta
,Wł. Sikorskiego,Władysława Sikorskiego
,Wł. St. Reymonta,Władysława Stanisława Reymonta
,Wł. Łokietka,Władysława Łokietka
,Władysława Skubisza ps. Pingwin,"Władysława Skubisza ps. ""Pingwin"""
,Władysława Tatarkiewicza,Profesora Władysława Tatarkiewicza
,Z. Kossak,Zofii Kossak
,Z. Krasińskiego,Zygmunta Krasińskiego
,Z. Nałkowskiej,Zofii Nałkowskiej
,Z. Padlewskiego,Zygmunta Padlewskiego
,Z. Sierakowskiego,Zygmunta Sierakowskiego
,Z. Smodlibowskiej,Zdzisławy Smodlibowskiej
,Zagłoby,Jana Onufrego Zagłoby
,Zapolskiej,Gabrieli Zapolskiej
,Zaułek Św. Bartłomieja,Zaułek Świętego Bartłomieja
,Zawadzkiego,Tadeusza Zawadzkiego
,Zb. Herberta,Zbigniewa Herberta
,Łukasińskiego,Waleriana Łukasińskiego
,Ściegiennego,Piotra Ściegiennego
,Śniadeckiego,Jędrzeja Śniadeckiego
,św. Agaty,Świętej Agaty
,św. Agnieszki,Świętej Agnieszki
,św. Alberta,Świętego Alberta
,św. Alberta Chmielowskiego,Świętego Alberta Chmielowskiego
,św. Aleksego,Świętego Aleksego
,Św. Alojzego,Świętego Alojzego
,św. Alojzego Orione,Świętego Alojzego Orione
,św. Ambrożego,Świętego Ambrożego
,św. Andrzeja,Świętego Andrzeja
,św. Andrzeja Boboli,Świętego Andrzeja Boboli
,św. Andrzeja Świerada,Świętego Andrzeja Świerada
,św. Anny,Świętej Anny
,św. Antoniego,Świętego Antoniego
,św. Arnolda,Świętego Arnolda
,św. Arnolda Janssena,Świętego Arnolda Janssena
,św. Augustyna,Świętego Augustyna
,św. Barbary,Świętej Barbary
,Św. Bartłomieja,Świętego Bartłomieja
,Św. Bartłomieja Apostoła,Świętego Bartłomieja Apostoła
,Św. Bogumiła,Świętego Bogumiła
,św. Bonifacego,Świętego Bonifacego
,św. Brata Alberta,Świętego Brata Alberta
,św. Brata Alberta Adama Chmielowskiego,Świętego Brata Alberta Adama Chmielowskiego
,św. Bronisławy,Świętej Bronisławy
,św. Brunona,Świętego Brunona
,św. Cecylii,Świętej Cecylii
,św. Czesława,Świętego Czesława
,św. Dominika,Świętego Dominika
,św. Dominika Savio,Świętego Dominika Savio
,św. Doroty,Świętej Doroty
,św. Ducha,Świętego Ducha
,św. Elżbiety,Świętej Elżbiety
,św. Faustyny,Świętej Faustyny
,św. Faustyny Kowalskiej,Świętej Faustyny Kowalskiej
,św. Filipa,Świętego Filipa
,św. Filipa Neri,Świętego Filipa Neri
,św. Floriana,Świętego Floriana
,św. Franciszka,Świętego Franciszka
,Św. Franciszka z Asyżu,Świętego Franciszka z Asyżu
,Św. Grzegorza Peradze,Świętego Grzegorza Peradze
,Św. Haliny,Świętej Haliny
,św. Heleny,Świętej Heleny
,Św. Hieronima,Świętego Hieronima
,św. Huberta,Świętego Huberta
,Św. Hubertusa,Świętego Hubertusa
,św. Idziego,Świętego Idziego
,św. Izydora,Świętego Izydora
,Św. Izydora Oracza,Świętego Izydora Oracza
,św. Jacka,Świętego Jacka
,św. Jacka Odrowąża,Świętego Jacka Odrowąża
,św. Jadwigi,Świętej Jadwigi
,św. Jadwigi Królowej,Świętej Jadwigi Królowej
,św. Jadwigi Śląskiej,Świętej Jadwigi Śląskiej
,św. Jadwigi-Królowej,Świętej Jadwigi-Królowej
,św. Jakuba,Świętego Jakuba
,Św. Jakuba Apostoła,Świętego Jakuba Apostoła
,św. Jana,Świętego Jana
,Św. Jana Bosco,Świętego Jana Bosco
,św. Jana Bosko,Świętego Jana Bosko
,św. Jana Chrzciciela,Świętego Jana Chrzciciela
,św. Jana Kantego,Świętego Jana Kantego
,Św. Jana Marii Vianney'a,Świętego Jana Marii Vianney'a
,św. Jana Nepomucena,Świętego Jana Nepomucena
,św. Jana Pawła II,Świętego Jana Pawła II
,św. Jana z Dukli,Świętego Jana z Dukli
,św. Jerzego,Świętego Jerzego
,św. Joachima,Świętego Joachima
,św. Jozafata,Świętego Jozafata
,św. Judy Tadeusza,Świętego Judy Tadeusza
,św. Justa,Świętego Justa
,św. Józefa,Świętego Józefa
,św. Józefa - Robotnika,Świętego Józefa - Robotnika
,św. Józefa Rzemieślnika,Świętego Józefa Rzemieślnika
,św. Józefa Sebastiana Pelczara,Świętego Józefa Sebastiana Pelczara
,św. Kamila,Świętego Kamila
,św. Karola Boromeusza,Świętego Karola Boromeusza
,św. Kaspra del Bufalo,Świętego Kaspra del Bufalo
,św. Katarzyny,Świętej Katarzyny
,św. Kazimierza,Świętego Kazimierza
,św. Kazimierza Królewicza,Świętego Kazimierza Królewicza
,św. Kingi,Świętej Kingi
,św. Klary,Świętej Kingi
,św. Klary z Asyżu,Świętej Klary z Asyżu
,św. Klemensa,Świętego Klemensa
,św. Krzysztofa,Świętego Krzysztofa
,św. Krzyża,Świętego Krzyża
,św. Królowej Jadwigi,Świętej Królowej Jadwigi
,św. Kunegundy,Świętej Kunegundy
,św. Ledóchowskiej,Świętej Urszuli Ledóchowskiej
,św. Leonarda,Świętego Leonarda
,św. Ludwika,Świętego Ludwika
,św. Macieja,Świętego Macieja
,Św. Magdaleny,Świętej Magdaleny
,św. Maksyma,Świętego Maksyma
,Św. Maksymiliana,Świętego Maksymiliana
,św. Maksymiliana Kolbe,Świętego Maksymiliana Kolbe
,św. Maksymiliana Kolbego,Świętego Maksymiliana Kolbego
,św. Maksymiliana Marii Kolbe,Świętego Maksymiliana Marii Kolbe
,św. Maksymiliana Marii Kolbego,Świętego Maksymiliana Marii Kolbego
,św. Marcin,Świętego Marcina
,św. Marcina,Świętego Marcina
,św. Marii Magdaleny,Świętej Marii Magdaleny
,św. Marka,Świętego Marka
,św. Mateusza,Świętego Mateusza
,św. Małgorzaty,Świętej Małgorzaty
,św. Medarda,Świętego Medarda
,św. Michała,Świętego Michała
,Św. Michała Archanioła,Świętego Michała Archanioła
,św. Mikołaja,Świętego Mikołaja
,św. Moniki,Świętej Moniki
,św. Ojca Pio,Świętego Ojca Pio
,św. Onufrego,Świętego Onufrego
,św. Otylii,Świętej Otylii
,św. Pawła,Świętego Pawła
,św. Pawła Apostoła,Świętego Pawła Apostoła
,św. Piotra,Świętego Piotra
,św. Piotra i Pawła,Świętych Piotra i Pawła
,Św. Piątka,Świętego Piątka
,Św. Prokopa,Świętego Prokopa
,Św. Proroka Eliasza,Świętego Proroka Eliasza
,św. Rafała Kalinowskiego,Świętego Rafała Kalinowskiego
,św. Rity,Świętej Rity
,św. Rocha,Świętego Rocha
,św. Rodziny,Świętej Rodziny
,św. Rozalii,Świętej Rozalii
,św. Sebastiana,Świętego Sebastiana
,św. Siostry Faustyny,Świętej Siostry Faustyny
,św. Stanisława,Świętego Stanisława
,św. Stanisława Biskupa,Świętego Stanisława Biskupa
,św. Stanisława Kostki,Świętego Stanisława Kostki
,Św. Szarbela,Świętego Szarbela
,św. Szczepana,Świętego Szczepana
,św. Szymona,Świętego Szymona
,Św. Tekli,Świętej Tekli
,św. Teresy,Świętej Teresy
,św. Teresy z Lisieux,Świętej Teresy z Lisieux
,św. Tomasza,Świętego Tomasza
,św. Tomasza z Akwinu,Świętego Tomasza z Akwinu
,św. Trójcy,Świętej Trójcy
,św. Tymoteusza,Świętego Tymoteusza
,św. Urbana,Świętego Urbana
,św. Urszuli Ledóchowskiej,Świętej Urszuli Ledóchowskiej
,św. Wacława,Świętego Wacława
,św. Walentego,Świętego Walentego
,św. Wawrzyńca,Świętego Wawrzyńca
,Św. Weroniki,Świętej Weroniki
,św. Wiktorii,Świętej Wiktorii
,św. Wincentego,Świętego Wincentego
,św. Wincentego Pallottiego,Świętego Wincentego Pallottiego
,św. Wita,Świętego Wita
,św. Wojciecha,Świętego Wojciecha
,św. Włodzimierza,Świętego Włodzimierza
,Św. Zofii,Świętej Zofii
,św. Zygmunta,Świętego Zygmunta
,św. Łucji,Świętej Łucji
,św. Łukasza,Świętego Łukasza
,św. Świerada,Świętego Świerada
,Świerczewskiego,Karola Świerczewskiego
,Żeromskiego,Stefana Żeromskiego
,Żołnierzy 8. Dywizji,Żołnierzy 8 Dywizji
,Żwirki i Wigury,Franciszka Żwirki i Stanisława Wigury
,Żymierskiego,Michała Roli-Żymierskiego
